Código 2,Producto,PUBLICO TIENDA
B-APMAC,BATERIA APPLE MAC A1369 / A1405B,6000
B-S138MM,BATERIA APPLE WATCH S1 38 MM,1890
B-S142MM,BATERIA APPLE WATCH S1 42 MM,1890
B-S238MM,BATERIA APPLE WATCH S2 38 MM,1890
B-S242MM,BATERIA APPLE WATCH S2 42 MM,1890
B-S338MM,BATERIA APPLE WATCH S3 38 MM,1890
B-S338MMG,BATERIA APPLE WATCH S3 38 MM GPS,1890
B-S338MML,BATERIA APPLE WATCH S3 38 MM LTE,1890
B-S342MM,BATERIA APPLE WATCH S3 42 MM,1890
B-S342MMG,BATERIA APPLE WATCH S3 42 MM GPS,1890
B-S342MML,BATERIA APPLE WATCH S3 42 MM LTE,1890
B-S440MM,BATERIA APPLE WATCH S4 40 MM,1890
B-S444MM,BATERIA APPLE WATCH S4 44MM,1890
B-S540MM,BATERIA APPLE WATCH S5 40 MM,1890
B-S544MM,BATERIA APPLE WATCH S5 44 MM,1890
B-GOOGLEP4XL,BATERIA GOOGLE PIXEL 4XL,1890
BAT-ACERV5431,BATERIA G-POWER ACER V5/AL12A32 4C 14.8V,1690
B-HUAG8R,BATERIA HUAWEI G8 RIO,1690
B-HUAH7S,BATERIA HUAWEI HONOR 7S,1690
B-HUAM10,BATERIA HUAWEI MATE 10 / 10 PRO / 20 (HB436486ECW),1690
B-HUAM10L,BATERIA HUAWEI MATE 10 LITE,1690
B-HUAM20,BATERIA HUAWEI MATE 20,1690
B-HUA20P,BATERIA HUAWEI MATE 20 PRO,1690
B-HUAM30L,BATERIA HUAWEI MATE 30 LITE / NOVA 5I PRO,1690
B-HUAM9,BATERIA HUAWEI MATE 9 / MATE 9 PRO,1690
B-HUAM9L,BATERIA HUAWEI MATE 9 LITE,1690
B-HUAN5I,BATERIA HUAWEI NOVA 5I /P40 LITE / NOVA 7I / Y9 PRIME,1690
B-HUAH9SE,BATERIA HUAWEI NOVA 9 SE,2900
B-HUAPS2019,BATERIA HUAWEI P SMART 2019,1690
B-HUAP10,BATERIA HUAWEI P10,1690
B-HUAP10L,BATERIA HUAWEI P10 LITE,1690
B-HUAP10P,BATERIA HUAWEI P10 PLUS / MATE 20 LITE,1690
B-HUAP20,BATERIA HUAWEI P20,1690
B-HUAP20L,BATERIA HUAWEI P20 LITE / NOVA 3E,1690
B-HUAP20P,BATERIA HUAWEI P20 PRO,1690
B-HUAP30,BATERIA HUAWEI P30,1690
B-HUAP30L,BATERIA HUAWEI P30 LITE / NOVE 4E,1690
B-HUAP30PRO,BATERIA HUAWEI P30 PRO (HB486486ECW),1690
B-HUAP8S,BATERIA HUAWEI P8 SMART / P8 LITE / Y5 2017 LITE,1690
B-HUAP9LITE,BATERIA HUAWEI P9 / P9 LITE / HB366481ECW / Y7 2018,1690
B-HUAP9LS,BATERIA HUAWEI P9 LITE SMART / MATE 20 LITE / NOVA 5T,1690
B-HUAY52018,BATERIA HUAWEI Y5 2018 / PLAY 7 / HONOR 7S,1690
B-HUAY5II,BATERIA HUAWEI Y5 II,1690
B-HUAY62019,BATERIA HUAWEI Y6 2019 / Y6 PRO 2019 / 8A,1690
B-HUAY6II,BATERIA HUAWEI Y6 II,1690
B-HUAY72018,BATERIA HUAWEI Y7 2018 /  HB366481ECW / P9 LITE,1690
B-HUAY72019,BATERIA HUAWEI Y7 2019 / Y7 PRO 2019 / NOVA LITE 3 / ENJOY 9,1690
B-HUAY7P,BATERIA HUAWEI Y7 PRIME / Y7 / Y7 2017 / NOVA LITE PLUS / NOVA LITE PLUS,1690
B-HUAY92019,BATERIA HUAWEI Y9 2019 / Y9 2018,1590
B-HUAY9P,BATERIA HUAWEI Y9 PRIME 2019 / HONOR 9X / Y9S (HB446486ECW),1690
B-IPAD1,BATERIA IPAD 1,2500
B-IPAD2,BATERIA IPAD 2,2500
B-IPAD4,BATERIA IPAD 3 / 4,3500
B-IPADP97,BATERIA IPAD 9.7 A1673,3500
B-IPADA2,BATERIA IPAD AIR 2 A1566 / IPAD 6,3500
B-IPADA,BATERIA IPAD AIR A1474 / A1475 / IPAD 7 2019 IPAD 5,3500
B-IPADM1,BATERIA IPAD MINI 1,3500
B-IPADM2,BATERIA IPAD MINI 2/3,3500
B-IPADM4,BATERIA IPAD MINI 4,3500
B-IPADP102,BATERIA IPAD PRO 10.2 / A1484,3500
B-IPADP105II,BATERIA IPAD PRO 10.5 II / IPAD AIR 3 2019,3500
B-IPADP112018,BATERIA IPAD PRO 11 2018,4500
B-IPADP112020,BATERIA IPAD PRO 11 2020,4500
B-IPADP129,BATERIA IPAD PRO 12.9 2015,4500
B-IPADP129II,BATERIA IPAD PRO 12.9 II/AIR 3 2017,4500
B-IPADP9,BATERIA IPAD PRO 9.7,3500
B-IPH11,BATERIA IPHONE 11,1990
B-IPH11P,BATERIA IPHONE 11 PRO,1990
B-IPH11PM,BATERIA IPHONE 11 PRO MAX,1990
B-IPH12P,BATERIA IPHONE 12 / 12 PRO,2500
B-IPH12M,BATERIA IPHONE 12 MINI,1990
B-IPH12PM,BATERIA IPHONE 12 PRO MAX,2500
B-IPH13,BATERIA IPHONE 13,3990
B-IPH13M,BATERIA IPHONE 13 MINI,3990
B-IPH13P,BATERIA IPHONE 13 PRO,3990
B-IPH13PM,BATERIA IPHONE 13 PRO MAX,3990
B-IPH14,BATERIA IPHONE 14,3990
B-IPH14PL,BATERIA IPHONE 14 PLUS,3990
B-IPH14P,BATERIA IPHONE 14 PRO,3990
B-IPH14PM,BATERIA IPHONE 14 PRO MAX,3990
B-IPH15,BATERIA IPHONE 15,3990
B-IPH15PL,BATERIA IPHONE 15 PLUS,3990
B-IPH15P,BATERIA IPHONE 15 PRO,3990
B-IPH15PM,BATERIA IPHONE 15 PRO MAX,4990
B-IPH5,BATERIA IPHONE 5,990
B-IPH5C,BATERIA IPHONE 5C,990
B-IPH5S,BATERIA IPHONE 5S,990
B-IPH6,BATERIA IPHONE 6,990
B-IPH6P,BATERIA IPHONE 6 PLUS,1390
B-IPH6S,BATERIA IPHONE 6S,1390
B-IPH6SP,BATERIA IPHONE 6S PLUS,1390
B-IPH7,BATERIA IPHONE 7,1390
B-IPH7P,BATERIA IPHONE 7 PLUS,1390
B-IPH8,BATERIA IPHONE 8,1590
B-IPH8P,BATERIA IPHONE 8 PLUS,1590
B-IPHSE,BATERIA IPHONE SE,1390
B-IPHSE20,BATERIA IPHONE SE 2020,1500
B-IPHSE2022,BATERIA IPHONE SE 2022,1690
B-IPHX,BATERIA IPHONE X,1690
B-IPHXR,BATERIA IPHONE XR,1990
B-IPHXS,BATERIA IPHONE XS,1990
B-IPHXSMAX,BATERIA IPHONE XS MAX,1990
B-LGK10,BATERIA LG K10,1690
B-LGK350,BATERIA LG K350,1690
B-LGQ6,BATERIA LG Q6,1690
B-MACA1278,BATERIA MACBOOK A1278 / A1322,3290
B-MACA1286,BATERIA MACBOOK A1286 / A1321 / A1382,6400
B-MACA1377,BATERIA MACBOOK A1377,3000
B-MACA1466,BATERIA MACBOOK A1405 / A1466 / A1496,3190
B-MACA1417,BATERIA MACBOOK A1417,7200
B-MACA1465,BATERIA MACBOOK A1465 / A1495,4290
B-MACA1493,BATERIA MACBOOK A1493 / A1502 / A1582,4890
B-MACA1494,BATERIA MACBOOK A1494,7200
B-MACA1527,BATERIA MACBOOK A1527 / A1534 / A1705,5790
B-MACA1706,BATERIA MACBOOK A1706 / A1819,4590
B-MACA1707,BATERIA MACBOOK A1707 / A1820,8000
B-MACA1965,BATERIA MACBOOK A1965,6400
B-MACA2159,BATERIA MACBOOK A2159 / A2171,6400
B-MOTOE32,BATERIA MOTOROLA E32 NH50,0
B-MOTHE50,BATERIA MOTOROLA E4,1390
B-MOTOE4P,BATERIA MOTOROLA E4 PLUS / E5 PLUS - XT1771,1390
B-MOTE5P,BATERIA MOTOROLA E5 PLAY JC30,1590
B-MOTOE6P,BATERIA MOTOROLA E6 PLAY,1390
B-MOTOE7P,BATERIA MOTOROLA E7 PLUS,1390
B-MOTOED30,BATERIA MOTOROLA EDGE 30,1990
B-MOTOG100,BATERIA MOTOROLA G100 (LZ50),1590
B-MOTOG4P,BATERIA MOTOROLA G4 PLAY / XT1642,1390
B-MOTOG52,BATERIA MOTOROLA G52 (NE50),1390
B-MOTOG54,BATERIA MOTOROLA G54 (PC50),1390
B-MOTG5SPL,BATERIA MOTOROLA G5S PLUS / HG30 / XT1803 / XT1806 / XT1805,1390
B-MOTOG6P,BATERIA MOTOROLA G6 PLAY,1390
B-MOTOG60S,BATERIA MOTOROLA G60S (LK50),1690
B-MOTOG7,BATERIA MOTOROLA G7 / G7 PLAY,1390
B-MOTOJE40G7,BATERIA MOTOROLA JE40 XT1952 MOTO G7 PLAY,1690
B-MOTOG7P,BATERIA MOTOROLA JK50 G10 / G20 / G30 / E7 PLUS / G9 PLAY / G7 POWER,1590
B-MOTOZP,BATERIA MOTOROLA Z PLAY / XT1635-02,1390
B-NOKIA2,BATERIA NOKIA 2,1390
B-NOK31P,BATERIA NOKIA 3.1 PLUS,1390
B-NOKIA5,BATERIA NOKIA 5,1390
B-NOKIA51,BATERIA NOKIA 5.1,1390
B-NOK6,BATERIA NOKIA 6,1390
B-NOK61,BATERIA NOKIA 6.1,1390
B-NOK71,BATERIA NOKIA 7.1,1390
B-NOK8,BATERIA NOKIA 8,1390
B-NC1P,BATERIA NOKIA C1 PLUS,1390
B-IPADPROA1674,BATERIA PARA IPAD PRO A1674,2990
B-SAMJ100F,BATERIA SAMSUNG  J1 2015,1190
B-SAMJ200,BATERIA SAMSUNG  J200 / G360,1290
B-SAMA01,BATERIA SAMSUNG A01,1390
B-SAMA022,BATERIA SAMSUNG A022 / A125 / A127 / A135,1690
B-SAMA03,BATERIA SAMSUNG A03 / A02S / A03S / A042,1390
2P1-15183,BATERIA SAMSUNG A03 CORE,1390
B-SAMA045,BATERIA SAMSUNG A045 / A042 / A146 / A145,1690
B-SAMA10,BATERIA SAMSUNG A10,1390
B-SAMA21,BATERIA SAMSUNG A10S / A107 / A115 / A11 / A215 / A21 / A207 / A20S,1390
B-SAMA11,BATERIA SAMSUNG A11,1390
B-SAMA15,BATERIA SAMSUNG A155 A15 4G / A156 A15 5G,0
B-SAMA20,BATERIA SAMSUNG A20,1390
B-SAMA20S,BATERIA SAMSUNG A20S,1390
B-SAMA21S,BATERIA SAMSUNG A21S,1390
B-SAMA23-4G,BATERIA SAMSUNG A23 4G 2022,1690
B-SAMA25,BATERIA SAMSUNG A25,1590
B-SAMA30,BATERIA SAMSUNG A30,1390
B-SAMA30S,BATERIA SAMSUNG A30S,1390
B-SAMA31,BATERIA SAMSUNG A31 / A32 / A225 / A72,1690
B-SAMA33,BATERIA SAMSUNG A33 / A53,1590
B-SAMA52016,BATERIA SAMSUNG A5 2016,1390
B-SAMA52017,BATERIA SAMSUNG A5 2017 / A520,1390
B-SAMA8,BATERIA SAMSUNG A5 2018 / A530,1390
B-SAMA50,BATERIA SAMSUNG A50 / A50S,1390
B-SAMA51,BATERIA SAMSUNG A51,1590
B-SAMA54,BATERIA SAMSUNG A54,1590
B-SAMA6P,BATERIA SAMSUNG A6 PLUS,1390
B-SAMA7,BATERIA SAMSUNG A7 / A7 2015,1390
B-SAMA72018,BATERIA SAMSUNG A7 2018 / A750,1390
B-SAMA70,BATERIA SAMSUNG A70,1400
B-SAMA71,BATERIA SAMSUNG A71,1590
B-SAMA82018,BATERIA SAMSUNG A8 2018 / A5 2018 / A539,1390
B-SAMA920F,BATERIA SAMSUNG A9 2018 / A92OF,1390
B-SAMJ1MINI,BATERIA SAMSUNG J1 MINI,1390
B-SAMJ110,BATERIA SAMSUNG J110 / J1 ACE / J1 2015,1390
B-SAMJ250,BATERIA SAMSUNG J250 / J2 PRO / J500 / J2 PRIME / G532 / J3,990
B-SAMJ32017,BATERIA SAMSUNG J3 2017 / J330 / J3 PRO,1390
B-SAMJ4,BATERIA SAMSUNG J4 / J400,1390
B-SAMJ42018,BATERIA SAMSUNG J4 2018,1390
B-SAMJ5P,BATERIA SAMSUNG J5 PRIME / G5700,1390
B-SAMJ510,BATERIA SAMSUNG J510 / J5 2016,1390
B-SAMJ7,BATERIA SAMSUNG J7 / J700 / J7 NEO / J400 / J4,1390
B-SAMJ72018,BATERIA SAMSUNG J7 2018,1390
B-SAMJ7P,BATERIA SAMSUNG J7 PRIME,1390
B-SAMJ701,BATERIA SAMSUNG J701 / J7 NEO,1390
B-SAMJ710,BATERIA SAMSUNG J710 / J7 2016,1390
B-SAMJ730,BATERIA SAMSUNG J730 / J7 2017 / J7 PRO,1390
B-SAMN10,BATERIA SAMSUNG NOTE 10,1690
B-SAMN10P,BATERIA SAMSUNG NOTE 10 PLUS,1690
B-SAMN2,BATERIA SAMSUNG NOTE 2,1690
B-SAMNOTE20,BATERIA SAMSUNG NOTE 20,1690
B-SAMNOTE20U,BATERIA SAMSUNG NOTE 20 ULTRA,1990
B-SAMN3,BATERIA SAMSUNG NOTE 3,1390
B-SAMN4,BATERIA SAMSUNG NOTE 4,1390
B-SAMN5,BATERIA SAMSUNG NOTE 5,1390
B-SAMN8,BATERIA SAMSUNG NOTE 8,1390
B-SAMN9,BATERIA SAMSUNG NOTE 9,1690
B-SAMS10,BATERIA SAMSUNG S10,1590
B-SAMS10P,BATERIA SAMSUNG S10 PLUS,1690
B-SAMS10P5G,BATERIA SAMSUNG S10 PLUS 5G,1690
B-SAMS10E,BATERIA SAMSUNG S10E,1690
B-SAMS20,BATERIA SAMSUNG S20,1690
B-SAMS20FE,BATERIA SAMSUNG S20 FE // A52,1690
B-SAMS20PL,BATERIA SAMSUNG S20 PLUS,1690
B-SAMS20U,BATERIA SAMSUNG S20 ULTRA,1690
B-SAMS21,BATERIA SAMSUNG S21,1690
B-SAMS21FE,BATERIA SAMSUNG S21 FE,1690
B-SAMS21P,BATERIA SAMSUNG S21 PLUS,1690
B-SAMS21U,BATERIA SAMSUNG S21 ULTRA,1690
B-SAMS22,BATERIA SAMSUNG S22,1990
B-SAMS22UL,BATERIA SAMSUNG S22 ULTRA,1990
B-SAMS23U,BATERIA SAMSUNG S23 ULTRA,2990
B-SAMS24,BATERIA SAMSUNG S24,0
B-SAMS4,BATERIA SAMSUNG S4,1690
B-SAMS4M,BATERIA SAMSUNG S4 MINI,1690
B-SAMS5,BATERIA SAMSUNG S5,1690
B-SAMS5M,BATERIA SAMSUNG S5 MINI,1690
B-SAMS6,BATERIA SAMSUNG S6,1690
B-SAMS6E,BATERIA SAMSUNG S6 EDGE,1690
B-SAMS6EP,BATERIA SAMSUNG S6 EDGE PLUS,1690
B-SAMS7,BATERIA SAMSUNG S7,1690
B-SAMS7E,BATERIA SAMSUNG S7 EDGE,1690
B-SAMS8,BATERIA SAMSUNG S8,1690
B-SAMS8P,BATERIA SAMSUNG S8 PLUS,1690
B-SAMS9,BATERIA SAMSUNG S9,1690
B-SAMS9P,BATERIA SAMSUNG S9 PLUS,1690
B-SONYL1,BATERIA SONY L1 / G3312,1690
B-SONM2,BATERIA SONY M2,1690
B-SONYXA1,BATERIA SONY XA1 G3112,1690
B-SONYXA1P,BATERIA SONY XA1 PLUS,1690
B-SONYXA1U,BATERIA SONY XA1 ULTRA G3212,1690
B-SONYXZ3,BATERIA SONY XZ3,1690
B-SONYZ3,BATERIA SONY Z3 / Z3 DUAL,1690
B-SONYZ5P,BATERIA SONY Z5 PREMIUM E6853 / Z5 PREMIUM DUAL E6833,1690
B-TCL20E,BATERIA TCL 20E,1690
B-XIAN10,BATERIA XIAOMI BM52 MI NOTE 10 / 10 LITE / 10 PRO,1690
BX-BN57,BATERIA XIAOMI BN57 POCO X3 / POCO X3 PRO,1790
B-XIAM10T,BATERIA XIAOMI MI 10T BM53,1890
B-XIAM11L,BATERIA XIAOMI MI 11 LITE (BP42),1690
B-XIAMI8,BATERIA XIAOMI MI 8 / BM3E,1690
B-XIAMI8LITE,BATERIA XIAOMI MI 8 LITE / BM3J,1690
B-XIAM9,BATERIA XIAOMI MI 9 BM3L,1690
B-XIAMI9SE,BATERIA XIAOMI MI 9 SE / BM3M,1690
B-XIAMI9T,BATERIA XIAOMI MI 9T / BP41,1690
B-XIAMIA2,BATERIA XIAOMI MI A2 / MI 6X / BN36,1690
B-XIAMIA2L,BATERIA XIAOMI MI A2 LITE / REDMI 6 PRO / BN47,1690
B-XIAMA3,BATERIA XIAOMI MI A3 / BM4F,1690
B-XIAMIMAX3,BATERIA XIAOMI MI MAX 3 / BM51,1690
B-XIAMIMIX2,BATERIA XIAOMI MI MIX 2 / BM3B,1690
B-XIAN6P,BATERIA XIAOMI NOTE 6 PRO / BN48,1690
B-XIAPOCOF1,BATERIA XIAOMI POCOPHONE F1 / BM4E,1690
B-XIAPOCOX4,BATERIA XIAOMI POCOPHONE X4,1890
B-XIAR10,BATERIA XIAOMI REDMI 10 / REDMI NOTE 10 5G / BN5A (M2103K19G),1690
B-XIAR12C,BATERIA XIAOMI REDMI 12C (BN5K),1690
B-XIAR13C,BATERIA XIAOMI REDMI 13C,1790
B-XIAR4A,BATERIA XIAOMI REDMI 4A / BN30,1690
B-XIAR4X,BATERIA XIAOMI REDMI 4X / 3 / 3X / 3S / 3 PRO / REDMI NOTE 3 PRO BM47,1890
B-XIA4X,BATERIA XIAOMI REDMI 4X / BM47,1690
B-RE5P,BATERIA XIAOMI REDMI 5 PLUS,1490
B-XIAR5A,BATERIA XIAOMI REDMI 5A / BN34,1690
B-XIAR5AP,BATERIA XIAOMI REDMI 5A PRIME / BM47,1690
B-XIAR6,BATERIA XIAOMI REDMI 6 / BN37,1690
B-XIAR6A,BATERIA XIAOMI REDMI 6A / BN37,1690
B-XIAR7,BATERIA XIAOMI REDMI 7 (BN4A),1690
B-XIAR8A,BATERIA XIAOMI REDMI 8A / 8  /BN51 (BN54 -),1690
B-XIAR9C,BATERIA XIAOMI REDMI 9C / 9A BN56,1690
B-XIAR9T,BATERIA XIAOMI REDMI 9T / POCO M3 / REDMI NOTE 9 4G / BN62,1690
B-XIAMIA1,BATERIA XIAOMI REDMI A1,1690
B-XIAREDGO,BATERIA XIAOMI REDMI GO / BM3A,1690
B-XIARN10,BATERIA XIAOMI REDMI NOTE 10 / BN59,1690
B-XIARN11P,BATERIA XIAOMI REDMI NOTE 11 PRO / BM5A,1690
B-XIARN11S,BATERIA XIAOMI REDMI NOTE 11S / BN5D,1690
B-XIARN12P-5G,BATERIA XIAOMI REDMI NOTE 12 PRO 5G,1890
B-XIARN13,BATERIA XIAOMI REDMI NOTE 13 BN5P,1790
B-XIAN3,BATERIA XIAOMI REDMI NOTE 3 / NOTE 3 PRO / NOTE 3 PRIME  / BM46,1690
B-XIAN3P,BATERIA XIAOMI REDMI NOTE 3 PRO (4100MAH) / BM47,1690
B-XIARN4,BATERIA XIAOMI REDMI NOTE 4 / BN41,1690
B-XIAMIN4X,BATERIA XIAOMI REDMI NOTE 4X / BN41 / BN43,1690
B-XIAN5PRO,BATERIA XIAOMI REDMI NOTE 5 PRO / NOTE 5 / BN45,1690
B-XIARN5A,BATERIA XIAOMI REDMI NOTE 5A / NOTE 5A PRIME / S2 / BN31,1690
B-XIAN7,BATERIA XIAOMI REDMI NOTE 7 / BN4A,1690
B-XIAN7P,BATERIA XIAOMI REDMI NOTE 7 PRO / BN4A,1690
B-XIANOTE8,BATERIA XIAOMI REDMI NOTE 8 / NOTE 6 / 7 / BN46,1690
B-XIANOTE8P,BATERIA XIAOMI REDMI NOTE 8 PRO / BM4J,1690
B-XIARN9,BATERIA XIAOMI REDMI NOTE 9 BN53 / BN52,1690
B-XIARNOTE9S,BATERIA XIAOMI REDMI NOTE 9S / NOTE 9 PRO BN54 / BN55,1690
B-ZTEA7,BATERIA ZTE A7 2019 / A5 2020 / A4,0
CAR-IPH11-B,CARCASA IPHONE 11 BLANCA,4500
CAR-IPH11-N,CARCASA IPHONE 11 NEGRO,4500
CAR-IPH11PRO-N,CARCASA IPHONE 11 PRO NEGRO,7590
CAR-IPH12PR-N,CARCASA IPHONE 12 PRO NEGRO,6500
CAR-IPH12-B,CARCASA IPHONE 12 TODOS LOS COLORES,4500
CAR-IPH13-B,CARCASA IPHONE 13 BLANCO,0
CAR-IPH14P-B,CARCASA IPHONE 14 PRO BLANCO,0
CAR-IPH15-AM,CARCASA IPHONE 15 AMARILLO,0
CAR-IPH15-N,CARCASA IPHONE 15 NEGRO,0
CAR-IPH15PM-B,CARCASA IPHONE 15 PRO MAX BLANCO,7000
CAR-IPH16-A,CARCASA IPHONE 16 AZUL,7200
CH-IPH5S-G,CARCASA IPHONE 5S GRIS,1290
CA-IPH7-B,CARCASA IPHONE 7 BLANCA,3900
CA-IPH7-N,CARCASA IPHONE 7 NEGRA,3900
C-IPH8-B,CARCASA IPHONE 8 BLANCA,4190
C-IPH8-D,CARCASA IPHONE 8 DORADA,4190
C-IPH8-N,CARCASA IPHONE 8 NEGRO,4190
C-IPH8P-B,CARCASA IPHONE 8 PLUS BLANCA,4000
CA-IPH8P-D,CARCASA IPHONE 8 PLUS DORADO,4000
C-IPH8P-N,CARCASA IPHONE 8 PLUS NEGRA,4000
CA-IPH8PR6,CARCASA IPHONE 8 PLUS ROSE GOLD,4000
CH-IPHSE-B,CARCASA IPHONE SE 2020 BLANCA,4990
CH-IPHSE-N,CARCASA IPHONE SE 2020 NEGRA,4990
CAR-IPHXR-A,CARCASA IPHONE XR NEGRO,5500
CA-IPHXSM-B,CARCASA IPHONE XS MAX BLANCA,4800
CA-IPHXSM,CARCASA IPHONE XS MAX NEGRO,4800
D-S138MM,DISPLAY APPLE WATCH S1 38MM,5000
D-S142MM,DISPLAY APPLE WATCH S1 42MM,5000
D-S144MM,DISPLAY APPLE WATCH S1 44MM,5000
D-S238MM,DISPLAY APPLE WATCH S2 38MM,6000
D-S242MM,DISPLAY APPLE WATCH S2 42MM,6000
D-S338MM,DISPLAY APPLE WATCH S3 38 MM,6000
D-S342MM,DISPLAY APPLE WATCH S3 42 MM,6000
D-S344MM,DISPLAY APPLE WATCH S3 44MM,6400
D-S440MM,DISPLAY APPLE WATCH S4 40MM,6500
D-S444MM,DISPLAY APPLE WATCH S4 44MM,6500
D-S540MM,DISPLAY APPLE WATCH S5 40MM,6500
D-S544MM,DISPLAY APPLE WATCH S5 44MM,6500
D-S640MM,DISPLAY APPLE WATCH S6 40MM,6900
D-S644MM,DISPLAY APPLE WATCH S6 44MM,6900
D-S741MM,DISPLAY APPLE WATCH S7 41 MM,7500
D-S745MM,DISPLAY APPLE WATCH S7 45 MM,7500
D-SE40MM,DISPLAY APPLE WATCH SE 40 MM,5500
D-SE44MM,DISPLAY APPLE WATCH SE 44MM,5500
FV-IPH11V,FLEX  VOL + / -  IPHONE 11,2590
FV-IPH11PV,FLEX  VOL + / -  IPHONE 11 PRO,2890
FV-IPH11PMXV,FLEX  VOL + / -  IPHONE 11 PRO MAX,3500
FV-IPHXV,FLEX  VOL + / -  IPHONE X,1600
FV-IPHXSV,FLEX  VOL + / -  IPHONE XS,1800
FV-IPHXSMXV,FLEX  VOL + / -  IPHONE XS MAX,1800
FA-HUAP9,FLEX ALTAVOZ HUAWEI P9,1200
FA-HUAP9L,FLEX ALTAVOZ HUAWEI P9 LITE,1200
FA-HUAP9P,FLEX ALTAVOZ HUAWEI P9 PLUS,1200
FA-IPHXSMAX,FLEX ALTAVOZ IPHONE XS / XS MAX,1500
FA-SAMA10S,FLEX ALTAVOZ SAMSUNG A10S,0
FA-SAMJ8,FLEX ALTAVOZ SAMSUNG J8,1600
FA-SAMS10P,FLEX ALTAVOZ SAMSUNG S10 PLUS,1600
FA-SAMS20U,FLEX ALTAVOZ SAMSUNG S20 ULTRA,1690
FA-SAMS22U,FLEX ALTAVOZ SAMSUNG S22 ULTRA,1800
F-ASAMS9,FLEX ALTAVOZ SAMSUNG S9,1790
A-SOXZ1,FLEX ALTAVOZ SONY X PERIA Z1,1800
A-SOXZ2,FLEX ALTAVOZ SONY X PERIA Z2,1800
FA-SONYZ5P,FLEX ALTAVOZ SONY Z5 PREMIUM,1800
7736262852076,FLEX ALTAVOZ XIAOMI REDMI NOTE 9,1200
FA-XIARMN9S,FLEX ALTAVOZ XIAOMI REDMI NOTE 9S,1490
F-SAMS20P-LTE4G,FLEX ANTENA SAMSUNG S20 PLUS LTE 5G,1500
AU-IPHX,FLEX AURICULAR + SENSOR DE PROXIMIDAD IPHONE X,2290
AU-IPHXR,FLEX AURICULAR + SENSOR DE PROXIMIDAD IPHONE XR,1990
A-IPH11,FLEX AURICULAR IPHONE 11 + SENSOR PROXIMIDAD,1990
A-IPH11PM,FLEX AURICULAR IPHONE 11 PRO MAX + SENSOR PROXIMIDAD,1990
A-IPH12P,FLEX AURICULAR IPHONE 12 / 12 PRO,2990
FA-IPH12M,FLEX AURICULAR IPHONE 12 MINI,2990
A-IPH12PM,FLEX AURICULAR IPHONE 12 PRO MAX,2990
A-IPH13,FLEX AURICULAR IPHONE 13,1900
A-IPH13M,FLEX AURICULAR IPHONE 13 MINI,1900
A-IPH13P,FLEX AURICULAR IPHONE 13 PRO,2500
A-IPH13PMX,FLEX AURICULAR IPHONE 13 PRO MAX,2500
A-IPH15P,FLEX AURICULAR IPHONE 15 PRO,2990
A-IPH8,FLEX AURICULAR IPHONE 8,1300
A-IPHXS,FLEX AURICULAR IPHONE XS + SENSOR PROXIMIDAD,2500
A-IPHXSMAX,FLEX AURICULAR IPHONE XS MAX,2500
BH-IPH5S,FLEX BOTON HOME IPHONE 5S,1350
BH-IPH6/6P-B,FLEX BOTON HOME IPHONE 6 / 6 PLUS BLANCO,690
BH-IPH6/6P-N,FLEX BOTON HOME IPHONE 6 / 6 PLUS NEGRO,690
BH-IPH6S/6SP-B,FLEX BOTON HOME IPHONE 6S / 6S PLUS BLANCO,690
BH-IPH6S/6SP-N,FLEX BOTON HOME IPHONE 6S / 6S PLUS NEGRO,690
BH-IPH7/IPH8-B,FLEX BOTON HOME IPHONE 7 / 8 / 7P / 8P / SE 2020 / SE 2022 BLANCO,990
BH-IPH7/IPH8-N,FLEX BOTON HOME IPHONE 7 / 8 / 7P / 8P / SE 2020 / SE 2022 NEGRO,990
BH-IPHSE,FLEX BOTON HOME IPHONE SE,1290
BH-SAMJ7,FLEX BOTON HOME SAMSUNG J7,1350
BH-SAMS5,FLEX BOTON HOME SAMSUNG S5,1200
FCF-HUAP30L,FLEX CAMARA FRONTAL SELFIE HUAWEI P30 LITE,1890
FCF-HUAY9P2019,FLEX CAMARA FRONTAL SELFIE HUAWEI Y9 PRIME 2019,1890
FCF-IPH11,FLEX CAMARA FRONTAL SELFIE IPHONE 11,2490
FCF-IPH11P,FLEX CAMARA FRONTAL SELFIE IPHONE 11 PRO,6990
FCF-IPH11PM,FLEX CAMARA FRONTAL SELFIE IPHONE 11 PRO MAX,7990
FCF-IPH12,FLEX CAMARA FRONTAL SELFIE IPHONE 12,1990
F-CAIPH12M,FLEX CAMARA FRONTAL SELFIE IPHONE 12 MINI,2900
F-CAIPH12P,FLEX CAMARA FRONTAL SELFIE IPHONE 12 PRO,2990
F-CAIPH12PM,FLEX CAMARA FRONTAL SELFIE IPHONE 12 PRO MAX,3590
FCF-IPH13,FLEX CAMARA FRONTAL SELFIE IPHONE 13,2000
FCF-IPH13M,FLEX CAMARA FRONTAL SELFIE IPHONE 13 MINI,2000
FCF-IPH13P,FLEX CAMARA FRONTAL SELFIE IPHONE 13 PRO,2990
FCF-IPH13PM,FLEX CAMARA FRONTAL SELFIE IPHONE 13 PRO MAX,3990
FCF-IPH14,FLEX CAMARA FRONTAL SELFIE IPHONE 14,3500
FCF-IPH14PLUS,FLEX CAMARA FRONTAL SELFIE IPHONE 14 PLUS,3500
FCF-IPH14P,FLEX CAMARA FRONTAL SELFIE IPHONE 14 PRO,4000
FCF-IPH14PM,FLEX CAMARA FRONTAL SELFIE IPHONE 14 PRO MAX,4500
FCF-IPH15,FLEX CAMARA FRONTAL SELFIE IPHONE 15,4500
FCF-IPH15PLUS,FLEX CAMARA FRONTAL SELFIE IPHONE 15 PLUS,4500
FCF-IPH15P,FLEX CAMARA FRONTAL SELFIE IPHONE 15 PRO,4500
FCF-IPH15PM,FLEX CAMARA FRONTAL SELFIE IPHONE 15 PRO MAX,4500
FCF-IPH16,FLEX CAMARA FRONTAL SELFIE IPHONE 16,4500
FCF-IPH16P,FLEX CAMARA FRONTAL SELFIE IPHONE 16 PRO,4500
FCF-IPH16PM,FLEX CAMARA FRONTAL SELFIE IPHONE 16 PRO MAX,4500
F-IPH5,FLEX CAMARA FRONTAL SELFIE IPHONE 5,1600
F-IPH5C,FLEX CAMARA FRONTAL SELFIE IPHONE 5C,1600
F-IPH5S,FLEX CAMARA FRONTAL SELFIE IPHONE 5S,1500
F-IPH6,FLEX CAMARA FRONTAL SELFIE IPHONE 6,1600
F-IPH6P,FLEX CAMARA FRONTAL SELFIE IPHONE 6 PLUS,1990
F-IPH6S,FLEX CAMARA FRONTAL SELFIE IPHONE 6S,1590
F-IPH6SP,FLEX CAMARA FRONTAL SELFIE IPHONE 6S PLUS,1900
F-IPH7,FLEX CAMARA FRONTAL SELFIE IPHONE 7,1700
F-IPH7P,FLEX CAMARA FRONTAL SELFIE IPHONE 7 PLUS,1790
F-IPH8,FLEX CAMARA FRONTAL SELFIE IPHONE 8 / SE 2020,1490
F-IPH8P,FLEX CAMARA FRONTAL SELFIE IPHONE 8 PLUS,1500
F-CAIPHX,FLEX CAMARA FRONTAL SELFIE IPHONE X,1900
F-CFIPHXR,FLEX CAMARA FRONTAL SELFIE IPHONE XR,2000
F-CAFIPXSF,FLEX CAMARA FRONTAL SELFIE IPHONE XS,2000
F-CAIPHXSM,FLEX CAMARA FRONTAL SELFIE IPHONE XS MAX,2000
FF-SAMA21S,FLEX CAMARA FRONTAL SELFIE SAMSUNG A217 / A21S,1990
FF-SAMJ7,FLEX CAMARA FRONTAL SELFIE SAMSUNG J7,1200
FF-SAMJ7P,FLEX CAMARA FRONTAL SELFIE SAMSUNG J7 PRIME,1350
FF-SAMS20FE4,FLEX CAMARA FRONTAL SELFIE SAMSUNG S20 FE 4G,1990
FF-SAMS20FE5,FLEX CAMARA FRONTAL SELFIE SAMSUNG S20 FE 5G,1990
FF-SAMS20P,FLEX CAMARA FRONTAL SELFIE SAMSUNG S20 PLUS,1500
FCF-S22P,FLEX CAMARA FRONTAL SELFIE SAMSUNG S22 PLUS,1990
FCF-S22U,FLEX CAMARA FRONTAL SELFIE SAMSUNG S22 ULTRA,4000
FF-SAMS7,FLEX CAMARA FRONTAL SELFIE SAMSUNG S7,1450
FCF-XIAR13C,FLEX CAMARA FRONTAL SELFIE XIAOMI REDMI 13C,1590
FC-HON200L,FLEX CAMARA PRINCIPAL HONOR 200 LITE,2590
FC-HUAM10L,FLEX CAMARA PRINCIPAL HUAWEI MATE 10 LITE,1690
FC-HUAM20L,FLEX CAMARA PRINCIPAL HUAWEI MATE 20 LITE,2190
F-HUANO5T,FLEX CAMARA PRINCIPAL HUAWEI NOVA 5T,1690
F-HUAP10,FLEX CAMARA PRINCIPAL HUAWEI P10,1890
F-HUACP30L,FLEX CAMARA PRINCIPAL HUAWEI P30 LITE,2440
FC-HUAP30P,FLEX CAMARA PRINCIPAL HUAWEI P30 PRO,2990
FC-HUAP9LS,FLEX CAMARA PRINCIPAL HUAWEI P9 LITE SMART,1500
FC-HUAY3II,FLEX CAMARA PRINCIPAL HUAWEI Y3 II,1400
FC-HUAY92019,FLEX CAMARA PRINCIPAL HUAWEI Y9 2019,1890
FC-IPH11,FLEX CAMARA PRINCIPAL IPHONE 11,4300
FC-IPH11P,FLEX CAMARA PRINCIPAL IPHONE 11 PRO,6290
FC-IPH11PM,FLEX CAMARA PRINCIPAL IPHONE 11 PRO MAX,6290
FC-IPH12,FLEX CAMARA PRINCIPAL IPHONE 12,5990
FC-IPH12M,FLEX CAMARA PRINCIPAL IPHONE 12 MINI,5990
FC-IPH12P,FLEX CAMARA PRINCIPAL IPHONE 12 PRO,7890
FC-IPH12PM,FLEX CAMARA PRINCIPAL IPHONE 12 PRO MAX,7890
FC-IPH13,FLEX CAMARA PRINCIPAL IPHONE 13,5500
FC-IPH13M,FLEX CAMARA PRINCIPAL IPHONE 13 MINI,4500
FC-IPH13P,FLEX CAMARA PRINCIPAL IPHONE 13 PRO / 13 PRO MAX,6500
FC-IPH14,FLEX CAMARA PRINCIPAL IPHONE 14,6500
FC-IPH14PLUS,FLEX CAMARA PRINCIPAL IPHONE 14 PLUS,6990
FC-IPH14PRO,FLEX CAMARA PRINCIPAL IPHONE 14 PRO,6990
FC-IPH14PM,FLEX CAMARA PRINCIPAL IPHONE 14 PRO MAX,6990
FC-IPH15,FLEX CAMARA PRINCIPAL IPHONE 15,6990
FC-IPH15PLUS,FLEX CAMARA PRINCIPAL IPHONE 15 PLUS,6990
FC-IPH15PRO,FLEX CAMARA PRINCIPAL IPHONE 15 PRO,6990
FC-IPH15PM,FLEX CAMARA PRINCIPAL IPHONE 15 PRO MAX,6990
FC-IPH16,FLEX CAMARA PRINCIPAL IPHONE 16,6990
FC-IPH16PRO,FLEX CAMARA PRINCIPAL IPHONE 16 PRO,6990
FC-IPH16PM,FLEX CAMARA PRINCIPAL IPHONE 16 PRO MAX,6990
FC-IPH6,FLEX CAMARA PRINCIPAL IPHONE 6,1700
FC-IPH6P,FLEX CAMARA PRINCIPAL IPHONE 6 PLUS,1800
FC-IPH6S,FLEX CAMARA PRINCIPAL IPHONE 6S,1700
FC-IPH6SP,FLEX CAMARA PRINCIPAL IPHONE 6S PLUS,2600
FC-IPH7,FLEX CAMARA PRINCIPAL IPHONE 7,1800
FC-IPH7P,FLEX CAMARA PRINCIPAL IPHONE 7 PLUS,3500
FC-IPH8,FLEX CAMARA PRINCIPAL IPHONE 8,4890
FC-IPH8P,FLEX CAMARA PRINCIPAL IPHONE 8 PLUS,5500
FC-IPHSE2020,FLEX CAMARA PRINCIPAL IPHONE SE 2020,4890
FC-IPHX,FLEX CAMARA PRINCIPAL IPHONE X,4590
FC-IPHXR,FLEX CAMARA PRINCIPAL IPHONE XR,4990
FC-IPHXSM,FLEX CAMARA PRINCIPAL IPHONE XS / XS MAX,5590
FC-SAMA10S,FLEX CAMARA PRINCIPAL SAMSUNG A10S,1820
FC-SAMA127,FLEX CAMARA PRINCIPAL SAMSUNG A127,1290
FC-SAMA15,FLEX CAMARA PRINCIPAL SAMSUNG A15,2500
FC-SAMA226,FLEX CAMARA PRINCIPAL SAMSUNG A226,1990
FC-SAMA30,FLEX CAMARA PRINCIPAL SAMSUNG A30,2719.99
FC-SAMA32,FLEX CAMARA PRINCIPAL SAMSUNG A32 / A325,1690
FC-SAMA34,FLEX CAMARA PRINCIPAL SAMSUNG A34,1990
FC-SAMA75,FLEX CAMARA PRINCIPAL SAMSUNG A7 2018 / A750,1990
FC-SAMA71,FLEX CAMARA PRINCIPAL SAMSUNG A71,3290
FC-SAMJ6,FLEX CAMARA PRINCIPAL SAMSUNG J6,1800
FC-SAMJ7,FLEX CAMARA PRINCIPAL SAMSUNG J7,1450
FC-SAMJ72016,FLEX CAMARA PRINCIPAL SAMSUNG J7 2016,1990
FC-SAMJ7P,FLEX CAMARA PRINCIPAL SAMSUNG J7 PRIME,1450
FC-SAMS10,FLEX CAMARA PRINCIPAL SAMSUNG S10,2000
FC-SAMS10P,FLEX CAMARA PRINCIPAL SAMSUNG S10 PLUS,2590
FC-SAMS10E,FLEX CAMARA PRINCIPAL SAMSUNG S10E,3500
FC-SAMS20,FLEX CAMARA PRINCIPAL SAMSUNG S20,2500
FC-SAMS20FE4,FLEX CAMARA PRINCIPAL SAMSUNG S20 FE 4G,2490
FC-SAMS20FE5,FLEX CAMARA PRINCIPAL SAMSUNG S20 FE 5G,2490
FC-SAMS20P,FLEX CAMARA PRINCIPAL SAMSUNG S20 PLUS,2500
FC-SAMS21FE,FLEX CAMARA PRINCIPAL SAMSUNG S21 FE,2490
FC-SAMS22U,FLEX CAMARA PRINCIPAL SAMSUNG S22 ULTRA,6700
FC-SAMS23FE,FLEX CAMARA PRINCIPAL SAMSUNG S23 FE /S711,2190
FC-SAMS5,FLEX CAMARA PRINCIPAL SAMSUNG S5,1200
FC-SAMS8,FLEX CAMARA PRINCIPAL SAMSUNG S8,2250
FC-XIAPX3,FLEX CAMARA PRINCIPAL XIAOMI POCO X3,1800
FC-XIAR13C,FLEX CAMARA PRINCIPAL XIAOMI REDMI 13C,1800
F-XIAR9C,FLEX CAMARA PRINCIPAL XIAOMI REDMI 9C,1800
FC-XIARN10S,FLEX CAMARA PRINCIPAL XIAOMI REDMI NOTE 10S,1800
F-XIARN12S,FLEX CAMARA PRINCIPAL XIAOMI REDMI NOTE 12S,2100
F-XIARN9,FLEX CAMARA PRINCIPAL XIAOMI REDMI NOTE 9,1800
CI-WIIPH11P,FLEX CARGA INALAMBRICA C/ VOLUMEN IPHONE 11 PRO,1990
CI-WIIPH11PM,FLEX CARGA INALAMBRICA C/ VOLUMEN IPHONE 11 PRO MAX,3500
CI-WIIPH12,FLEX CARGA INALAMBRICA C/ VOLUMEN IPHONE 12 / 12 PRO,2500
CI-WIIPH12M,FLEX CARGA INALAMBRICA C/ VOLUMEN IPHONE 12 MINI,2500
CI-WIIPH12PM,FLEX CARGA INALAMBRICA C/ VOLUMEN IPHONE 12 PRO MAX,2500
CI-WIIPH13,FLEX CARGA INALAMBRICA C/ VOLUMEN IPHONE 13,2500
CI-WIIPH13M,FLEX CARGA INALAMBRICA C/ VOLUMEN IPHONE 13 MINI,2500
CI-WIIPH13P,FLEX CARGA INALAMBRICA C/ VOLUMEN IPHONE 13 PRO,2500
CI-WIIPH13PM,FLEX CARGA INALAMBRICA C/ VOLUMEN IPHONE 13 PRO MAX,2500
CI-WIIPH14,FLEX CARGA INALAMBRICA C/ VOLUMEN IPHONE 14,2000
CI-WIIPHX,FLEX CARGA INALAMBRICA C/ VOLUMEN IPHONE X,2500
CI-WIIPHXS,FLEX CARGA INALAMBRICA C/ VOLUMEN IPHONE XS,2500
CI-WIIPHXSMAX,FLEX CARGA INALAMBRICA C/ VOLUMEN IPHONE XS MAX,3000
CI-WIIPH11,FLEX CARGA INALAMBRICA PARA IPHONE 11,1690
CI-WIIPH8,FLEX CARGA INALAMBRICA PARA IPHONE 8,2500
CI-WIIPH8P,FLEX CARGA INALAMBRICA PARA IPHONE 8 PLUS,2500
CI-WIIPHXR,FLEX CARGA INALAMBRICA PARA IPHONE XR,2500
F-CIPH11,FLEX DE CARGA Y MICRÓFONO PARA IPHONE 11,2600
F-CIPH11P,FLEX DE CARGA Y MICRÓFONO PARA IPHONE 11 PRO,2600
F-CIPH11PM,FLEX DE CARGA Y MICRÓFONO PARA IPHONE 11 PRO MAX,2600
F-CIPH12P,FLEX DE CARGA Y MICRÓFONO PARA IPHONE 12 / 12 PRO,2600
F-CIPH12M,FLEX DE CARGA Y MICRÓFONO PARA IPHONE 12 MINI,2600
F-CIPH12PM,FLEX DE CARGA Y MICRÓFONO PARA IPHONE 12 PRO MAX,2600
F-CIPH13,FLEX DE CARGA Y MICRÓFONO PARA IPHONE 13,2600
F-CIPH13M,FLEX DE CARGA Y MICRÓFONO PARA IPHONE 13 MINI,2600
F-CIPH13P,FLEX DE CARGA Y MICRÓFONO PARA IPHONE 13 PRO,2600
F-CIPH13PMX,FLEX DE CARGA Y MICRÓFONO PARA IPHONE 13 PRO MAX,2600
F-CIPH14,FLEX DE CARGA Y MICRÓFONO PARA IPHONE 14,3990
F-CIPH14-P,FLEX DE CARGA Y MICRÓFONO PARA IPHONE 14 PLUS,3990
F-CIPH14P,FLEX DE CARGA Y MICRÓFONO PARA IPHONE 14 PRO,4990
F-CIPH14PMX,FLEX DE CARGA Y MICRÓFONO PARA IPHONE 14 PRO MAX,4990
F-CIPH15,FLEX DE CARGA Y MICRÓFONO PARA IPHONE 15,3990
F-CIPH15P,FLEX DE CARGA Y MICRÓFONO PARA IPHONE 15 PRO,4990
F-CIPH16,FLEX DE CARGA Y MICRÓFONO PARA IPHONE 16,4990
F-CIPH16-P,FLEX DE CARGA Y MICRÓFONO PARA IPHONE 16 PLUS,4990
F-CIPH16P,FLEX DE CARGA Y MICRÓFONO PARA IPHONE 16 PRO,4990
F-CIPH16PMX,FLEX DE CARGA Y MICRÓFONO PARA IPHONE 16 PRO MAX,4990
F-CIPH5,FLEX DE CARGA Y MICRÓFONO PARA IPHONE 5,1400
F-CIPH5S,FLEX DE CARGA Y MICRÓFONO PARA IPHONE 5S,1400
C-IPH6,FLEX DE CARGA Y MICRÓFONO PARA IPHONE 6,1490
F-CIPH6P,FLEX DE CARGA Y MICRÓFONO PARA IPHONE 6 PLUS,1690
C-IPH6S,FLEX DE CARGA Y MICRÓFONO PARA IPHONE 6S,1500
F-6SPLUS,FLEX DE CARGA Y MICRÓFONO PARA IPHONE 6S PLUS,1500
F-CIPH7,FLEX DE CARGA Y MICRÓFONO PARA IPHONE 7,1600
F-CIPH7P,FLEX DE CARGA Y MICRÓFONO PARA IPHONE 7 PLUS,1600
F-CIPH8,FLEX DE CARGA Y MICRÓFONO PARA IPHONE 8,1600
F-CIPH8P,FLEX DE CARGA Y MICRÓFONO PARA IPHONE 8 PLUS,1990
F-CIPHSE20,FLEX DE CARGA Y MICRÓFONO PARA IPHONE SE 2020,1990
F-CIPHSE22,FLEX DE CARGA Y MICRÓFONO PARA IPHONE SE 2022,1990
F-CIPHX,FLEX DE CARGA Y MICRÓFONO PARA IPHONE X,1990
F-IPHXR,FLEX DE CARGA Y MICRÓFONO PARA IPHONE XR,1990
F-CIPHXS,FLEX DE CARGA Y MICRÓFONO PARA IPHONE XS,1990
F-CIPHXSM,FLEX DE CARGA Y MICRÓFONO PARA IPHONE XS MAX,2200
FH-HUAMA20,FLEX HUELLA HUAWEI MATE 20,1400
F-HUAY7AHUE,FLEX HUELLA HUAWEI Y7A / P SMART 2021,1500
F-HUAY92019,FLEX HUELLA HUAWEI Y9 2019,1400
F-HUAY9P,FLEX HUELLA HUAWEI Y9 PRIME 2019,1500
F-HUAY9AHUE,FLEX HUELLA HUAWEI Y9A,1500
F-HUEY9S,FLEX HUELLA HUAWEI Y9S,1690
F-HMOTOE7P,FLEX HUELLA MOTOROLA E7 PLUS NEGRO,327.87
F-HMOTE71P,FLEX HUELLA MOTOROLA E7I POWER,960
F-HMOTOF9P,FLEX HUELLA MOTOROLA E9 PLUS / G9 PLUS,690
FH-XIAR10,FLEX HUELLA XIAOMI REDMI 10,1500
FH-XIAR9A,FLEX HUELLA XIAOMI REDMI 9A,0
FH-XIAR9T,FLEX HUELLA XIAOMI REDMI 9T / POCO M3 2020,1390
FH-XIARN10P,FLEX HUELLA XIAOMI REDMI NOTE 10 PRO,0
F-HU-XIARN12S,FLEX HUELLA XIAOMI REDMI NOTE 12S,286.89
F-HU-XIARN9,FLEX HUELLA XIAOMI REDMI NOTE 9,1200
F-HU-XIARN9S,FLEX HUELLA XIAOMI REDMI NOTE 9S,1300
FLASH-IPH12PM,FLEX IPHONE 12 PRO FLASH LED,3000
FH-XIAPM3,FLEX LECTOR DE HUELLA XIAOMI POCOPHONE M3,1790
FH-SAMA32,FLEX LECTOR DE HUELLAS A32 A325 / A52 A525,1700
F-HUAP9LON,FLEX ON / OFF HUAWEI P9 LITE,1550
F-ONOFF-HUAN5T,FLEX ON OFF HUAWEI NOVA 5T,1200
F-ONOFF-SONXZ,FLEX ON OFF SONY XZ PREMIUM,1500
F-ONOFF-MIA1,FLEX ON OFF XIAOMI MI A1 POWER ON/OFF,1200
F-ONOFF-XIARN9S,FLEX ON OFF XIAOMI REDMI NOTE 9S,1290
FP-MBH20LIT,FLEX PLACA PRINCIPAL A CARGA HUAWEI MATE 20 LITE,1500
F-MBHY9PR,FLEX PLACA PRINCIPAL A CARGA HUAWEI Y9 PRIME  2019,1500
FP-SAMA02S,FLEX PLACA PRINCIPAL A CARGA SAMSUNG A02S,1500
FP-SAMA10,FLEX PLACA PRINCIPAL A CARGA SAMSUNG A10,750
FP-SAMA10S-M15,FLEX PLACA PRINCIPAL A CARGA SAMSUNG A10S M15,1290
FP-SAMA10S-M16,FLEX PLACA PRINCIPAL A CARGA SAMSUNG A10S M16,1290
FP-SAMA11,FLEX PLACA PRINCIPAL A CARGA SAMSUNG A11,1200
FP-SAMA12,FLEX PLACA PRINCIPAL A CARGA SAMSUNG A12,1500
FP-SAMA15,FLEX PLACA PRINCIPAL A CARGA SAMSUNG A15,1500
FP-SAMA20,FLEX PLACA PRINCIPAL A CARGA SAMSUNG A20,1490
FP-SAMA20S-M12,FLEX PLACA PRINCIPAL A CARGA SAMSUNG A20S M12,1490
FP-SAMA20S-M14,FLEX PLACA PRINCIPAL A CARGA SAMSUNG A20S M14,1490
FP-SAMA21,FLEX PLACA PRINCIPAL A CARGA SAMSUNG A21,1790
FP-SAMA226,FLEX PLACA PRINCIPAL A CARGA SAMSUNG A22 5G,1400
FSAMA24-P,FLEX PLACA PRINCIPAL A CARGA SAMSUNG A24 / A245,1890
FP-SAMA25,FLEX PLACA PRINCIPAL A CARGA SAMSUNG A25,1790
FP-SAMA30,FLEX PLACA PRINCIPAL A CARGA SAMSUNG A30,990
FP-SAMA30S,FLEX PLACA PRINCIPAL A CARGA SAMSUNG A30S,1490
FP-SAMA31,FLEX PLACA PRINCIPAL A CARGA SAMSUNG A31,1490
FP-SAMA32,FLEX PLACA PRINCIPAL A CARGA SAMSUNG A32 4G (A325 2021),1800
FP-SAMA325F,FLEX PLACA PRINCIPAL A CARGA SAMSUNG A32 5G (A326 2021),1800
FP-SAMA33,FLEX PLACA PRINCIPAL A CARGA SAMSUNG A33 / A336,1600
FP-SAMA34,FLEX PLACA PRINCIPAL A CARGA SAMSUNG A34,1990
FP-SAMA40,FLEX PLACA PRINCIPAL A CARGA SAMSUNG A40,1500
FP-SAMA50,FLEX PLACA PRINCIPAL A CARGA SAMSUNG A50,1490
FP-SAMA51,FLEX PLACA PRINCIPAL A CARGA SAMSUNG A51 4G / A515 2019,1790
FP-SAMA52,FLEX PLACA PRINCIPAL A CARGA SAMSUNG A52 4G,1500
FP-SAMA525G,FLEX PLACA PRINCIPAL A CARGA SAMSUNG A52 5G,1500
FP-SAMA53,FLEX PLACA PRINCIPAL A CARGA SAMSUNG A53 / A536,1200
FP-SAMA54,FLEX PLACA PRINCIPAL A CARGA SAMSUNG A54,1790
FP-SAMA70,FLEX PLACA PRINCIPAL A CARGA SAMSUNG A70,1490
FP-SAMA71,FLEX PLACA PRINCIPAL A CARGA SAMSUNG A71,990
FP-SAMA73,FLEX PLACA PRINCIPAL A CARGA SAMSUNG A73,1890
F-SAMA80,FLEX PLACA PRINCIPAL A CARGA SAMSUNG A80,1500
F-SAMNOT20,FLEX PLACA PRINCIPAL A CARGA SAMSUNG NOTE 20,1500
F-SAMNO2OUL,FLEX PLACA PRINCIPAL A CARGA SAMSUNG NOTE 20 ULTRA,1500
FP-SAMS20FE,FLEX PLACA PRINCIPAL A CARGA SAMSUNG S20 FE / G781B,1400
FP-SAMS20U,FLEX PLACA PRINCIPAL A CARGA SAMSUNG S20 ULTRA,1400
FP-SAMS21,FLEX PLACA PRINCIPAL A CARGA SAMSUNG S21,1400
FP-SAMS21P,FLEX PLACA PRINCIPAL A CARGA SAMSUNG S21 PLUS,1280
F-PPSAMS21U,FLEX PLACA PRINCIPAL A CARGA SAMSUNG S21 ULTRA,1480
FP-SAMS22U,FLEX PLACA PRINCIPAL A CARGA SAMSUNG S22 ULTRA,1890
FP-SAZF4,FLEX PLACA PRINCIPAL A CARGA SAMSUNG Z FLIP 4,4990
FP-XIAM11T,FLEX PLACA PRINCIPAL A CARGA XIAOMI MI 11T / MI 11T PRO,1600
FP-XIAM12TP,FLEX PLACA PRINCIPAL A CARGA XIAOMI MI 12T/12T PRO,1800
FP-MI8LITE,FLEX PLACA PRINCIPAL A CARGA XIAOMI MI 8 LITE,1690
FP-XIAMA1,FLEX PLACA PRINCIPAL A CARGA XIAOMI MI A1,900
FP-XIAMN10L,FLEX PLACA PRINCIPAL A CARGA XIAOMI MI NOTE 10 LITE,1400
FP-POCOX3,FLEX PLACA PRINCIPAL A CARGA XIAOMI POCO X3,1200
FP-XIARN10P,FLEX PLACA PRINCIPAL A CARGA XIAOMI REDMI NOTE 10 PRO,1400
FP-XIARN10S,FLEX PLACA PRINCIPAL A CARGA XIAOMI REDMI NOTE 10S / REDMI NOTE 10 4G,1400
FP-XIARN11,FLEX PLACA PRINCIPAL A CARGA XIAOMI REDMI NOTE 11 / 11S,1200
FP-XIARN12P5G,FLEX PLACA PRINCIPAL A CARGA XIAOMI REDMI NOTE 12 PRO 5G,1890
FP-XIARN134G,FLEX PLACA PRINCIPAL A CARGA XIAOMI REDMI NOTE 13 4G,1790
FP-XIARN8P,FLEX PLACA PRINCIPAL A CARGA XIAOMI REDMI NOTE 8 PRO,1200
FP-XIARN9,FLEX PLACA PRINCIPAL A CARGA XIAOMI REDMI NOTE 9,1200
FP-XIARN9S,FLEX PLACA PRINCIPAL A CARGA XIAOMI REDMI NOTE 9S / 9 PRO,1200
FPP-SAMA50,FLEX PLACA PRINCIPAL A LCD SAMSUNG A50,1490
FPP-SAMS21,FLEX PLACA PRINCIPAL A LCD SAMSUNG S21,1500
FP-MOTOE20L,FLEX POWER MOTOROLA EDGE 20 LITE,1400
FP-MOTOC,FLEX POWER MOTOROLA XT1754 MOTO C,1690
FP-IPH11,FLEX POWER ON / OFF / FLASH IPHONE 11,1800
FP-MOTOED40,FLEX POWER ON / OFF + VOLUMEN MOTOROLA EDGE 40 5G,1590
FP-IPH14,FLEX POWER ON / OFF IPHONE 14,2700
FP-IPH15,FLEX POWER ON / OFF IPHONE 15,2900
FP-IPH6,FLEX POWER ON / OFF IPHONE 6,1300
FP-NOK6,FLEX POWER ON / OFF NOKIA 6,800
FP-SAMA035,FLEX POWER ON / OFF SAMSUNG A035,1100
F-SAMHUEA235,FLEX POWER ON / OFF SENSOR  HUELLA SAMSUNG A23 / A235 / M33 4G,1300
FP-IPHXR,FLEX POWER ON / OFF VOL + / -  IPHONE XR,1990
FP-SAMA045,FLEX POWER ON / OFF VOL + / -  SAMSUNG A045,1400
FP-XIAMIA3,FLEX POWER ON / OFF XIAOMI MI A3,1390
FP-XIAPX3,FLEX POWER ON / OFF XIAOMI POCO X3,1290
FP-XIAR9T,FLEX POWER ON / OFF XIAOMI REDMI 9T,1400
FP-SAMA21S,FLEX POWER ON / OFF Y VOLUMEN SAMSUNG A21S,1300
FP-MOTOG9P,FLEX POWER ON /OFF MOTOROLA G9 PLUS,800
F-SAMA12,FLEX POWER ON/OFF (HUELLA ) SAMSUNG A12 / A125,1590
FP-HX7,FLEX POWER ON/OFF HONOR X7,1400
FP-HUAPS19,FLEX POWER ON/OFF HUAWEI P SMART 2019,1495
FP-HUAP20,FLEX POWER ON/OFF HUAWEI P20,1500
F-HUAP30,FLEX POWER ON/OFF HUAWEI P30,1300
FP-HUAP9LS,FLEX POWER ON/OFF HUAWEI P9 LITE SMART,1250
FP-HUAY519,FLEX POWER ON/OFF HUAWEI Y5 2019,1350
FP-HUAY619,FLEX POWER ON/OFF HUAWEI Y6 2019,1250
FP-HUY919,FLEX POWER ON/OFF HUAWEI Y9 2019,1200
FP-HUAYY9P,FLEX POWER ON/OFF HUAWEI Y9 PRIME 2019,1390
FP-HUAY9A,FLEX POWER ON/OFF HUAWEI Y9A,1500
FP-IPH11P,FLEX POWER ON/OFF IPHONE 11 PRO,2300
FP-IPH11PMX,FLEX POWER ON/OFF IPHONE 11 PRO MAX,2500
FP-IPH7,FLEX POWER ON/OFF IPHONE 7,1400
FP-IPH7P,FLEX POWER ON/OFF IPHONE 7 PLUS,1400
FP-IPH8P,FLEX POWER ON/OFF IPHONE VOL + / - 8 PLUS,1500
FP-IPHX,FLEX POWER ON/OFF IPHONE X,1500
FP-IPHXSP,FLEX POWER ON/OFF IPHONE XS,1700
FP-FP-IPHMXP,FLEX POWER ON/OFF IPHONE XS MAX,1900
FP-SAMA05,FLEX POWER ON/OFF SAMSUNG A055/A05,1400
F-SAMA10,FLEX POWER ON/OFF SAMSUNG A10,1300
F-SAMA10S,FLEX POWER ON/OFF SAMSUNG A10S,1200
FP-SAMA20S,FLEX POWER ON/OFF SAMSUNG A20S / A207,1000
FP-SAMA315,FLEX POWER ON/OFF SAMSUNG A315 / A31,1290
F-SAMA718,FLEX POWER ON/OFF SAMSUNG A7 2018,2290
FP-SAMS10E,FLEX POWER ON/OFF SAMSUNG S10E,1400
FP-SAMS8P,FLEX POWER ON/OFF SAMSUNG S8 PLUS,1150
FP-SAMS9,FLEX POWER ON/OFF SAMSUNG S9,1300
FP-IPH12,FLEX POWER ON/OFF VOL + / -  IPHONE 12 / 12 PRO,2990
FP-IPH12M,FLEX POWER ON/OFF VOL + / -  IPHONE 12 MINI,2900
FP-IPH12PMX,FLEX POWER ON/OFF VOL + / -  IPHONE 12 PRO MAX,4300
FP-IPH13,FLEX POWER ON/OFF VOL + / -  IPHONE 13,2990
FP-IPH13M,FLEX POWER ON/OFF VOL + / -  IPHONE 13 MINI,3000
FP-IPH13P,FLEX POWER ON/OFF VOL + / -  IPHONE 13 PRO,4000
FP-IPH13PMX,FLEX POWER ON/OFF VOL + / -  IPHONE 13 PRO MAX,2000
FP-IPH8,FLEX POWER ON/OFF VOL + / -  IPHONE 8,1600
F-SONPOWX3,FLEX POWER ON/OFF VOL +/- SONY X3,1200
FP-XIAM9,FLEX POWER ON/OFF XIAOMI MI 9,1600
FP-XIAN4,FLEX POWER ON/OFF XIAOMI NOTE 4,1690
FP-XIAR10,FLEX POWER ON/OFF XIAOMI REDMI 10,1250
FP-XIAR8AOFF,FLEX POWER ON/OFF XIAOMI REDMI 8A,1690
F-HU-XIM11TP,FLEX POWER SENSOR DE HUELLA XIAOMI MI 11T PRO,1500
F-PSONZ5,FLEX POWER SONY Z5,1000
F-XIARN10S,FLEX POWER VOLUME +/- XIAOMI REDMI NOTE 10S,1400
F-XIARN11,FLEX POWER VOLUME +/- XIAOMI REDMI NOTE 11,1690
F-XIARN11PRO,FLEX POWER VOLUME +/- XIAOMI REDMI NOTE 11 PRO,1590
F-GOOPIX6,FLEX SENSOR DE HUELLA GOOGLE PIXEL 6,1500
F-SAMHUEA13,FLEX SENSOR DE HUELLA SAMSUNG A13 AZUL,1500
F-SAMHUEA225,FLEX SENSOR DE HUELLA SAMSUNG A225,1500
F-SAMHUEA31,FLEX SENSOR DE HUELLA SAMSUNG A31,1320
F-SAMHUN8,FLEX SENSOR DE HUELLA SAMSUNG NOTE 8,1500
F-SAMHUS20FE,FLEX SENSOR DE HUELLA SAMSUNG S20 FE,1500
F-HUAHU8X,FLEX SENSOR DE HUELLAS HUAWEI HONOR 8X,1500
F-IPH13,FLEX SENSOR DE PROXIMIDAD IPHONE 13,2500
F-IPH13M,FLEX SENSOR DE PROXIMIDAD IPHONE 13 MINI,2500
F-IPH13P,FLEX SENSOR DE PROXIMIDAD IPHONE 13 PRO,2500
F-IPH13PMX,FLEX SENSOR DE PROXIMIDAD IPHONE 13 PRO MAX,2500
F-PROIPH12M,FLEX SENSOR PROXIMIDAD  IPHONE 12 MINI,2500
F-PROIPH12PM,FLEX SENSOR PROXIMIDAD  IPHONE 12 PRO MAX,2500
F-IPHXS,FLEX SENSOR PROXIMIDAD  IPHONE XS,1300
F-PHUAP30,FLEX SENSOR PROXIMIDAD HUAWEI P30,1500
F-SIPH11P,FLEX SENSOR PROXIMIDAD IPHONE 11 PRO,2590
F-PROIPH12P,FLEX SENSOR PROXIMIDAD IPHONE 12 / 12 PRO,2500
F-IPH14,FLEX SENSOR PROXIMIDAD IPHONE 14,5000
F-IPH14PS,FLEX SENSOR PROXIMIDAD IPHONE 14 PLUS,5000
F-IPH14P,FLEX SENSOR PROXIMIDAD IPHONE 14 PRO,5500
F-IPH14PRM,FLEX SENSOR PROXIMIDAD IPHONE 14 PRO MAX,5500
F-SPIPH15PR,FLEX SENSOR PROXIMIDAD IPHONE 15 PRO,2500
FS-IPH5C,FLEX SENSOR PROXIMIDAD IPHONE 5C,1450
F-IPHX,FLEX SENSOR PROXIMIDAD IPHONE X,1750
F-IPHPROXR,FLEX SENSOR PROXIMIDAD IPHONE XR CON MIGRACION FACEID,2400
F-SONZ5P,FLEX SENSOR PROXIMIDAD SONY Z5 PREMIUM,1500
FV-HUAP9,FLEX VIBRADOR HUAWEI P9,1200
FV-SONYZ5P,FLEX VIBRADOR SONY Z5 PREMIUM,650
FV-SAMA12VOL,FLEX VOLUMEN + / - SAMSUNG A12 / A125,1590
FV-IPH11,FLEX VOLUMEN IPHONE 11,2000
FV-XIAMI11L,FLEX VOLUMEN XIAOMI MI 11 LITE (M2101K9AG),1690
R-RESETEO,INSTALACION MAC OS,2500
L-IPAD5,LCD IPAD 5 A1822 / A1823 - IPAD AIR A1474 / A1475 - IPAD 6,3990
P-IPAD7,LCD IPAD 7  A2197 / A2198 / A2200 - IPAD 8,4990
P-IPADMINI2,LCD IPAD MINI 2  A1489 / A1490 / A1491,4980
L-IPADMINI,LCD IPAD MINI A1432 / A1451 / A1455,4100
L-HON200L,LENS DE CAMARA HONOR 200 LITE,790
L-HO90LITE,LENS DE CAMARA HONOR 90 LITE,690
L-HUAHOMA5L,LENS DE CAMARA HONOR MAGIC 5 LITE 5G,790
L-HUAHOMA6L,LENS DE CAMARA HONOR MAGIC 6 LITE,790
L-HUAHOX8,LENS DE CAMARA HUAWEI HONOR X8 4G,990
L-HUAN5T,LENS DE CAMARA HUAWEI NOVA 5T,690
L-HUAN9SE,LENS DE CAMARA HUAWEI NOVA 9 SE,790
L-HUAP20,LENS DE CAMARA HUAWEI P20,690
L-HUAP30,LENS DE CAMARA HUAWEI P30,1220
L-HUAP30L,LENS DE CAMARA HUAWEI P30 LITE,890
L-HUAP40L,LENS DE CAMARA HUAWEI P40 LITE,690
L-HUAY92019,LENS DE CAMARA HUAWEI Y9 2019,690
L-HUAY92019PRIME,LENS DE CAMARA HUAWEI Y9 PRIME 2019,690
L-IPH11,LENS DE CAMARA IPHONE 11,1500
L-IPH11P,LENS DE CAMARA IPHONE 11 PRO,1500
L-IPH11PM,LENS DE CAMARA IPHONE 11 PRO MAX,1500
L-IPH12,LENS DE CAMARA IPHONE 12 / 12 PRO,1500
L-IPH12M,LENS DE CAMARA IPHONE 12 MINI,990
L-IPH12PM,LENS DE CAMARA IPHONE 12 PRO MAX,1500
L-IPH13,LENS DE CAMARA IPHONE 13 / 13 MINI,1500
L-IPH13P,LENS DE CAMARA IPHONE 13 PRO / 13 PRO MAX,1700
L-IPH14,LENS DE CAMARA IPHONE 14,2500
L-IPH14PL,LENS DE CAMARA IPHONE 14 PLUS,2000
L-IPH14PR,LENS DE CAMARA IPHONE 14 PRO,2500
L-IPH14PM,LENS DE CAMARA IPHONE 14 PRO MAX,2000
L-IPH15,LENS DE CAMARA IPHONE 15,2000
L-IPH15PL,LENS DE CAMARA IPHONE 15 PLUS,2000
L-IPH15P,LENS DE CAMARA IPHONE 15 PRO,2000
L-IPH15PM,LENS DE CAMARA IPHONE 15 PRO MAX,2000
L-IPH16,LENS DE CAMARA IPHONE 16,2500
L-IPH16PL,LENS DE CAMARA IPHONE 16 PLUS,2500
L-IPH16P,LENS DE CAMARA IPHONE 16 PRO,2500
L-IPH16PM,LENS DE CAMARA IPHONE 16 PRO MAX,2500
L-IPH6,LENS DE CAMARA IPHONE 6,690
L-IPH6P,LENS DE CAMARA IPHONE 6 PLUS,690
L-IPH6S,LENS DE CAMARA IPHONE 6S,690
L-IPH6SP,LENS DE CAMARA IPHONE 6S PLUS,690
L-IPH7,LENS DE CAMARA IPHONE 7,690
L-IPH7P,LENS DE CAMARA IPHONE 7 PLUS,690
L-IPH8,LENS DE CAMARA IPHONE 8,690
L-IPH8P,LENS DE CAMARA IPHONE 8 PLUS,690
L-IPHX,LENS DE CAMARA IPHONE X,690
L-IPHXR,LENS DE CAMARA IPHONE XR,800
L-IPHXS,LENS DE CAMARA IPHONE XS,690
L-IPHXSMAX,LENS DE CAMARA IPHONE XS MAX,690
L-MOTOE7IP,LENS DE CAMARA MOTOROLA E7I POWER  / XT2097,690
L-MOTOE20P,LENS DE CAMARA MOTOROLA EDGE 20 PRO,890
L-MOTOG30,LENS DE CAMARA MOTOROLA G30  / XT2129,690
L-MOTOG8PL,LENS DE CAMARA MOTOROLA G8 POWER LITE,690
L-MOTOG9PLUS,LENS DE CAMARA MOTOROLA G9 PLUS / XT2087,990
L-SAMA01,LENS DE CAMARA SAMSUNG A01,890
L-SAMA02,LENS DE CAMARA SAMSUNG A02 / A022,690
L-SAMA042,LENS DE CAMARA SAMSUNG A042 / A04E,600
L-SAMA055,LENS DE CAMARA SAMSUNG A055,790
L-SAMA10,LENS DE CAMARA SAMSUNG A10,690
L-SAMA10S,LENS DE CAMARA SAMSUNG A10S,690
L-SAMA11,LENS DE CAMARA SAMSUNG A11,690
L-SAMA12,LENS DE CAMARA SAMSUNG A12,790
L-SAMA125,LENS DE CAMARA SAMSUNG A125/A12,690
L-SAMA13,LENS DE CAMARA SAMSUNG A13,650
L-SAMA14,LENS DE CAMARA SAMSUNG A14,790
L-SAMA20,LENS DE CAMARA SAMSUNG A20,690
L-SAMA20S,LENS DE CAMARA SAMSUNG A20S,690
L-SAMA21,LENS DE CAMARA SAMSUNG A21,585
L-SAMA21S,LENS DE CAMARA SAMSUNG A21S,690
L-SAMA224G,LENS DE CAMARA SAMSUNG A22 4G,690
L-SAMA30,LENS DE CAMARA SAMSUNG A30,690
L-SAMA30S,LENS DE CAMARA SAMSUNG A30S,690
L-SAMA31,LENS DE CAMARA SAMSUNG A31,690
L-SAMA34,LENS DE CAMARA SAMSUNG A34,650
L-SAMA40,LENS DE CAMARA SAMSUNG A40,690
L-SAMA41,LENS DE CAMARA SAMSUNG A41,675
L-SAMA50,LENS DE CAMARA SAMSUNG A50,690
L-SAMA50S,LENS DE CAMARA SAMSUNG A50S / A70,690
L-SAMA51,LENS DE CAMARA SAMSUNG A51,690
L-SAMA54,LENS DE CAMARA SAMSUNG A54,690
L-SAMA55,LENS DE CAMARA SAMSUNG A55,690
L-SAMA70,LENS DE CAMARA SAMSUNG A70,690
L-SAMA71,LENS DE CAMARA SAMSUNG A71,690
L-SAMN20,LENS DE CAMARA SAMSUNG NOTE 20,900
L-CAMSAMN20U,LENS DE CAMARA SAMSUNG NOTE 20 ULTRA NEGRO,990
L-SAMS20,LENS DE CAMARA SAMSUNG S20,990
L-SAMS20FE,LENS DE CAMARA SAMSUNG S20 FE,990
L-SAMS20P,LENS DE CAMARA SAMSUNG S20 PLUS,990
L-CAMSAMS20U,LENS DE CAMARA SAMSUNG S20 ULTRA NEGRO,990
L-CAMSAMS21FE,LENS DE CAMARA SAMSUNG S21 FE,790
L-CAMSAMS21U,LENS DE CAMARA SAMSUNG S21 ULTRA,790
L-CAMSAMS22U,LENS DE CAMARA SAMSUNG S22 ULTRA,990
L-SAMS24U,LENS DE CAMARA SAMSUNG S24 ULTRA,990
L-XIAMIA1,LENS DE CAMARA XIAOMI MI A1,690
L-XIARN10,LENS DE CAMARA XIAOMI NOTE 10 / 10 PRO,690
L-XIRPX3P,LENS DE CAMARA XIAOMI POCO X3 PRO,690
L-XIAR10,LENS DE CAMARA XIAOMI REDMI 10,790
L-XIARE10C,LENS DE CAMARA XIAOMI REDMI 10C,690
L-XIAR13C,LENS DE CAMARA XIAOMI REDMI 13C,790
L-XIARED9A,LENS DE CAMARA XIAOMI REDMI 9A,690
L-XIARED9C,LENS DE CAMARA XIAOMI REDMI 9C,690
L-XIARED9T,LENS DE CAMARA XIAOMI REDMI 9T,690
L-XIRN10,LENS DE CAMARA XIAOMI REDMI NOTE 10 4G,690
L-XIAN105G,LENS DE CAMARA XIAOMI REDMI NOTE 10 5G,690
L-XIAN10PRO,LENS DE CAMARA XIAOMI REDMI NOTE 10 PRO,790
L-XIARN10S,LENS DE CAMARA XIAOMI REDMI NOTE 10S,690
L-XIARN11,LENS DE CAMARA XIAOMI REDMI NOTE 11,650
L-XIARN11P,LENS DE CAMARA XIAOMI REDMI NOTE 11 PRO,990
L-XIARN11S,LENS DE CAMARA XIAOMI REDMI NOTE 11S,650
L-XIARN12S,LENS DE CAMARA XIAOMI REDMI NOTE 12S,790
L-XIARN13P-4G,LENS DE CAMARA XIAOMI REDMI NOTE 13 PRO 4G,790
L-XIARN13P,LENS DE CAMARA XIAOMI REDMI NOTE 13 PRO 5G,890
L-XIARN7,LENS DE CAMARA XIAOMI REDMI NOTE 7,690
L-XIARN8,LENS DE CAMARA XIAOMI REDMI NOTE 8,690
L-XIAN8,LENS DE CAMARA XIAOMI REDMI NOTE 8 PRO / 8T,690
L-XIARN9S,LENS DE CAMARA XIAOMI REDMI NOTE 9 / 9S / 9 PRO,690
L-XIAREDS2,LENS DE CAMARA XIAOMI REDMI S2,690
563625885,LENS HUAWEI HONOR  MAGIC 7 LITE,790
52458884,LENS HUAWEI Y6 2019 CAMARA NEGRO,790
LPCIP16-16P-T,LENS PROTECTOR DE CAMARA APPLE IPHONE 16/16 PLUS,690
6941402785178,LENS PROTECTOR DE CAMARA APPLE IPHONE 16/16 PRO MAX,690
MAC-DISA2179,"PANTALLA  APPLE MACBOOK AIR 13.3"" COMP (A2179) SILVER",22500
P-IPAD11PRO,PANTALLA  IPAD 11 PRO  A2068 / A2228 / A2230 / A2231 2º GEN,13990
P-IPADPRO11,PANTALLA  IPAD PRO 11 2018  A1934 / A1980,12590
P-AL1SE,PANTALLA ALCATEL 1SE / TCL T PRO  / 5130M / 5030M,2790
P-ALC3X2019,"PANTALLA ALCATEL 3X 2019 OT5061U / FPC6503-1 / TCL T9 6.5"" / 10 SE T766J 6",1990
P-ALC3X2020,PANTALLA ALCATEL 3X 2020 / 5X (FPC 6503-2),1990
MAC-DIA1466,"PANTALLA APPLE MACBOOK AIR 13"" COMP. SILVER (A1466)",13690
MAC-DIA2337,"PANTALLA APPLE MACBOOK AIR M1 13"" COMP (A2337) SILVER",17890
MAC-DIA1502,"PANTALLA APPLE MACBOOK PRO 13"" 2013 - 2014 COMP. PLATEADO (A1502)",9200
MAC-DIA2338,"PANTALLA APPLE MACBOOK PRO 13"" 2020 COMP. (A2338) SILVER",19990
MAC-DIA1989,"PANTALLA APPLE MACBOOK PRO 13.3"" COMP. (A1989/A2159/A2251/A2289) SPACE GRAY",18990
P-BLA8900P,PANTALLA BLACKVIEW 8900 PRO,3500
P-BLAA96,PANTALLA BLACKVIEW A96,3100
P-BLABV4900,PANTALLA BLACKVIEW BV4900,2600
P-BLABV7100,PANTALLA BLACKVIEW BV7100,3300
P-BLUG51P,PANTALLA BLU G51 PLUS,3490
P-GOO3XL,PANTALLA GOOGLE PIXEL 3XL,3890
P-GOPIX4A,PANTALLA GOOGLE PIXEL 4A,9990
P-GOOP4XL,PANTALLA GOOGLE PIXEL 4XL,4990
P-GOOPIX5A,PANTALLA GOOGLE PIXEL 5A 5G,8900
P-GOOPIX6,PANTALLA GOOGLE PIXEL 6,5990
P-GOOPIX6P,PANTALLA GOOGLE PIXEL 6 PRO,6290
P-GOOPIX7P,PANTALLA GOOGLE PIXEL 7 PRO,4590
P-HONX6B,PANTALLA HONOR  X6B 5G / X7C 2024,2990
P-HON10L,PANTALLA HONOR 10 LITE / 20 LITE,2890
P-HON200,PANTALLA HONOR 200,7990
P-HON8X,PANTALLA HONOR 8X,1990
P-HON90,PANTALLA HONOR 90 REA-NX9,7390
P-HONMAG5L-5G,PANTALLA HONOR MAGIC 5 LITE 5G / X9A 5G ( RMO-NX2 ),3890
P-HONMAG6L,PANTALLA HONOR MAGIC 6 LITE,3990
P-HONMAG6P,PANTALLA HONOR MAGIC 6 PRO,13990
P-HONMAG7L,PANTALLA HONOR MAGIC 7 LITE,4390
P-HONX5,PANTALLA HONOR X5,2590
P-HONX6A,PANTALLA HONOR X6A WDY-LX3 / X5 PLUS / X5B,2790
P-HONX6S,PANTALLA HONOR X6S / HONOR X8A 5G (RBN-NX3) (VNE-LX2) (VNE-N41) (VNE-LX3),2590
P-HONX7,PANTALLA HONOR X7 /  PLAY 6T / HONOR PLAY 30 PLUS,2990
P-HONX7A,PANTALLA HONOR X7A,2990
P-HONX7B,PANTALLA HONOR X7B,2990
P-HONX8,PANTALLA HONOR X8 (TFY-LX1) (TFY-LX2) (TFY-LX3),2790
P-HONX8A,PANTALLA HONOR X8A 4G / HONOR 90 LITE (CRT-LX3),2890
P-HONX8B,PANTALLA HONOR X8B 2023 (LLY-LX3) / HONOR 200 LITE,4500
P-HUAM10,PANTALLA HUAWEI MATE 10,3590
P-HUAMATE10LTE,PANTALLA HUAWEI MATE 10 LITE,2390
P-HUAMA20L,PANTALLA HUAWEI MATE 20 LITE / NOVA 3I (SNE-LX3),1990
P-HUAM20,PANTALLA HUAWEI MATE 20 ORIGINAL (02352FRA),3590
P-HUAM40P,PANTALLA HUAWEI MATE 40 PRO,12590
P-HUAM9,PANTALLA HUAWEI MATE 9,2990
P-HUAMATE9L-N,PANTALLA HUAWEI MATE 9 LITE/ HONOR 6X NEGRO,2790
P-HUAMATP,PANTALLA HUAWEI MATE PAD T10,2890
P-HUANOV10,PANTALLA HUAWEI NOVA 10,6890
P-HUANOV10SE,PANTALLA HUAWEI NOVA 10 SE,4790
P-HUAN2P,PANTALLA HUAWEI NOVA 2 PLUS,2990
P-HUANOVA5T,PANTALLA HUAWEI NOVA 5T / NOVA 5I PRO / HONOR 20 / 20S / 20 PRO (YAL-L21),2790
P-HUANOVA8I,PANTALLA HUAWEI NOVA 8I,2890
P-HUANOV9,PANTALLA HUAWEI NOVA 9,4500
P-HUAN9SE,PANTALLA HUAWEI NOVA 9 SE,2990
P-HUAY60,PANTALLA HUAWEI NOVA Y60,2600
P-HUAY70,PANTALLA HUAWEI NOVA Y70 (MGA-LX3) (MGA-LX9),2790
P-HUAY90,PANTALLA HUAWEI NOVA Y90,2790
P-HUAPS,PANTALLA HUAWEI P SMART,2790
P-HUAPS2019,PANTALLA HUAWEI P SMART 2019  POT LX3 ORIGINAL,1990
P-HUAPS2021,PANTALLA HUAWEI P SMART 2021 / Y7A /,1990
P-HUAP10,PANTALLA HUAWEI P10,2990
P-HUAP10LITE,PANTALLA HUAWEI P10 LITE,2690
P-HUAP10S,PANTALLA HUAWEI P10 SELFIE,2990
P-HUAP20,PANTALLA HUAWEI P20 (02351WKF),1990
P-HUAP20L,PANTALLA HUAWEI P20 LITE,2790
P-HUAP20P,PANTALLA HUAWEI P20 PRO (CLT-L09),6590
P-HUAP30LITE,PANTALLA HUAWEI P30 LITE ORI / CHI (MAR-LX3A),1990
P-HUAP30P,PANTALLA HUAWEI P30 PRO (VOG-L04),7990
P-HUAP40LITE,PANTALLA HUAWEI P40 LITE (JNY-L21A),1990
P-HUAP8LITE,PANTALLA HUAWEI P8 LITE (ALE-L21),2690
P-HUAP9,PANTALLA HUAWEI P9,2890
P-HUAP9LITE,PANTALLA HUAWEI P9 LITE,1990
P-HUAP9LS,PANTALLA HUAWEI P9 LITE SMART,2690
P-HUAY3II,PANTALLA HUAWEI Y3 II,2590
P-HUAY52016,PANTALLA HUAWEI Y5 2016 / Y5 II,2590
P-HUAY52018,PANTALLA HUAWEI Y5 2018 / HONOR 7S,2390
P-HUAY52019,PANTALLA HUAWEI Y5 2019,2890
P-HUAY5L-N,PANTALLA HUAWEI Y5 LITE NEGRA,1990
P-HUAY5P,PANTALLA HUAWEI Y5P  Y5 PRIME,2890
P-HUAY62018,PANTALLA HUAWEI Y6 2018 / HONOR 7A,2890
P-HUAY62019,PANTALLA HUAWEI Y6 2019 / HONOR 8A / Y6S ( MRD-LX3 ),2690
P-HUAY6P,PANTALLA HUAWEI Y6P / HONOR 9A,2690
P-HUAY72017,PANTALLA HUAWEI Y7 2017,2790
P-HUAY72018,PANTALLA HUAWEI Y7 2018,2690
P-HUAY72019,PANTALLA HUAWEI Y7 2019 (DUB-LX2),2690
P-HUAY7PRIME,PANTALLA HUAWEI Y7 PRIME,2690
P-HUAY7P,PANTALLA HUAWEI Y7P / P40 LITE E,2990
P-HUAY8P,PANTALLA HUAWEI Y8P,3590
P-HUAY92019,PANTALLA HUAWEI Y9 2019 / Y8S (JKM-LX3),1690
P-HUAY9P2019,PANTALLA HUAWEI Y9 PRIME STK-LX3 / STK-LX1 HONOR 9X / HLK-L42 HONOR 9X PRO 6.59,1690
P-HUAY9A,PANTALLA HUAWEI Y9A (FRL-L23),1990
P-HUAWY9S,PANTALLA HUAWEI Y9S (STK-LX3),1990
P-IPADAIR2,PANTALLA IPAD AIR 2 - A1566 / A1567,6990
P-IPADAIR3,PANTALLA IPAD AIR 3 - A2152,11990
P-IPADAIR4,PANTALLA IPAD AIR 4 2020 (A2316),11990
P-IPADMINI3,PANTALLA IPAD MINI 3   A1599 / A1600 / A1601,3790
P-IPADMINI4,PANTALLA IPAD MINI 4  A1538 / A1550,5590
P-IPADP10.5-B,PANTALLA IPAD PRO 10.5 BLANCO A1701 / A1709  2º GEN,11590
P-IPADP105-N,PANTALLA IPAD PRO 10.5 NEGRO A1701 / A1709 2º GEN,8990
P-IPADP11-N,PANTALLA IPAD PRO 11 NEGRO A2759 / A2761,13990
P-IPADPRO12.9,PANTALLA IPAD PRO 12.9  A1670 / A1671 / A1652 2º GEN BLANCO,12590
P-IPADPRO2021,PANTALLA IPAD PRO 12.9 A2378 5TA GEN,14500
P-IPH11-GX,PANTALLA IPHONE 11 GX OLED,3990
P-IPH11-RJ,PANTALLA IPHONE 11 INCELL RJ,2590
P-IPH11P-ORI,PANTALLA IPHONE 11 PRO,4990
P-IPH11PRO-RJ,PANTALLA IPHONE 11 PRO INCELL RJ,2890
P-IPH11PM-ORI,PANTALLA IPHONE 11 PRO MAX,6890
P-IPH11PM-KD,PANTALLA IPHONE 11 PRO MAX INCELL,2790
P-IPH11PM-O,PANTALLA IPHONE 11 PRO MAX OLED,3990
P-IPH11PO-YK,PANTALLA IPHONE 11 PRO OLED,3990
P-IPH11-ORI,PANTALLA IPHONE 11 SERVICE PACK,4990
P-IPH12,PANTALLA IPHONE 12 / 12 PRO,7590
P-IPH12RJ,PANTALLA IPHONE 12 / 12 PRO INCELL,2950
P-IPH12YKOLED,PANTALLA IPHONE 12 / 12 PRO OLED,4500
P-IPH12M,PANTALLA IPHONE 12 MINI,8900
P-IPH12MHO,PANTALLA IPHONE 12 MINI OLED,5690
P-IPH12MRJ,PANTALLA IPHONE 12 MINI RJ INCELL,3500
P-IPH12PM,PANTALLA IPHONE 12 PRO MAX,11500
P-IPH12PMRJ,PANTALLA IPHONE 12 PRO MAX INCELL,7490
P-IPH12PMYKOLED,PANTALLA IPHONE 12 PRO MAX OLED,9190
P-IPH13ORI,PANTALLA IPHONE 13,15590
P-IPH13M,PANTALLA IPHONE 13 MINI,9890
P-IPH13MKD,PANTALLA IPHONE 13 MINI KD INCELL,2890
P-IPH13M-OL,PANTALLA IPHONE 13 MINI OLED,6590
P-IPH13YK,PANTALLA IPHONE 13 OLED,6590
P-IPH13P,PANTALLA IPHONE 13 PRO,19990
P-IPH13PMORI,PANTALLA IPHONE 13 PRO MAX,22500
P-IPH13PM-IN,PANTALLA IPHONE 13 PRO MAX KD INCELL,12590
P-IPH13PM,PANTALLA IPHONE 13 PRO MAX OLED,15590
P-IPH13P-OL,PANTALLA IPHONE 13 PRO OLED,12590
P-IPH13P-RJ,PANTALLA IPHONE 13 PRO RJ INCELL,6990
P-IPH13RJ,PANTALLA IPHONE 13 RJ INCELL,3890
P-IPH14KD,PANTALLA IPHONE 14 KD INCELL,3690
P-IPH14OL,PANTALLA IPHONE 14 OLED,7590
P-IPH14,PANTALLA IPHONE 14 ORI,10990
P-IPH14PLUS,PANTALLA IPHONE 14 PLUS,19190
P-IPH14PLUSRJ,PANTALLA IPHONE 14 PLUS INCELL,8890
P-IPH14PRO,PANTALLA IPHONE 14 PRO,26590
P-IPH14PROGX,PANTALLA IPHONE 14 PRO GX OLED,16190
P-IPH14PMORI,PANTALLA IPHONE 14 PRO MAX,24590
P-IPH14PMX-O,PANTALLA IPHONE 14 PRO MAX HARD OLED,15990
P-IPH14PMX-I,PANTALLA IPHONE 14 PRO MAX INCELL,9290
P-IPH14PRORJ,PANTALLA IPHONE 14 PRO RJ INCELL,8690
P-IPH15,PANTALLA IPHONE 15,16900
P-IPH15RJ,PANTALLA IPHONE 15 INCELL,6500
P-IPH15OL,PANTALLA IPHONE 15 OLED,13800
P-IPH15P-IN,PANTALLA IPHONE 15 PLUS INCELL,10990
P-IPH15P-OL,PANTALLA IPHONE 15 PLUS OLED,16990
P-IPH15P,PANTALLA IPHONE 15 PLUS ORIGINAL,23590
P-IPH15PM-IN,PANTALLA IPHONE 15 PRO MAX INCELL,12990
P-IPH15PM-OL,PANTALLA IPHONE 15 PRO MAX OLED,19990
P-IPH15PM-OR,PANTALLA IPHONE 15 PRO MAX ORIGINAL,28990
P-IPH15PR,PANTALLA IPHONE 15 PRO OEM,16900
531254632,PANTALLA IPHONE 15 PRO OLED,13900
P-IPH15PRJ,PANTALLA IPHONE 15 PRO RJ INCELL,7990
P-IPH16-O,PANTALLA IPHONE 16 (SERVICE PACK),23990
P-IPH16-JK,PANTALLA IPHONE 16 JK INCELL,8990
P-IPH16P-O,PANTALLA IPHONE 16 PLUS (SERVICE PACK),22590
P-IPH16P-JK,PANTALLA IPHONE 16 PLUS JK INCELL,7000
P-IPH16P-OL,PANTALLA IPHONE 16 PLUS OLED,12590
P-IPH16PR-O,PANTALLA IPHONE 16 PRO (SERVICE PACK),29990
P-IPH16PR-I,PANTALLA IPHONE 16 PRO INCELL,9990
P-IPH16PM-OR,PANTALLA IPHONE 16 PRO MAX (SERVICE PACK),29990
P-IPH16PM-I,PANTALLA IPHONE 16 PRO MAX INCELL,16990
P-IPH16PR-SO,PANTALLA IPHONE 16 PRO SOFT OLED,14800
P-IPH16-SO,PANTALLA IPHONE 16 SOFT OLED,16590
P-IPH4-N,PANTALLA IPHONE 4 NEGRO,2590
P-IPH5-B,PANTALLA IPHONE 5 BLANCA,2590
P-IPH5-N,PANTALLA IPHONE 5 NEGRO,1990
P-IPH5C,PANTALLA IPHONE 5C,2690
P-IPH5S-B,PANTALLA IPHONE 5S / SE BLANCA,1500
P-IPH5S-N,PANTALLA IPHONE 5S / SE NEGRA,1500
P-IPH6-B,PANTALLA IPHONE 6 BLANCA,690
P-IPH6-N,PANTALLA IPHONE 6 NEGRA,690
P-IPH6P-B,PANTALLA IPHONE 6 PLUS BLANCA,2690
P-IPH6P-N,PANTALLA IPHONE 6 PLUS NEGRA,2690
P-IPH6S-B,PANTALLA IPHONE 6S BLANCA,1590
P-IPH6S-N,PANTALLA IPHONE 6S NEGRA,1190
P-IPH6SP-B,PANTALLA IPHONE 6S PLUS BLANCA,1800
P-IPH6SP-N,PANTALLA IPHONE 6S PLUS NEGRO,2790
P-IPH7-B,PANTALLA IPHONE 7 BLANCA,1590
P-IPH7-N,PANTALLA IPHONE 7 NEGRA,1590
P-IPH7P-B,PANTALLA IPHONE 7 PLUS BLANCA,1990
P-IPH7P-N,PANTALLA IPHONE 7 PLUS NEGRA,1990
P-IPH8B-O,PANTALLA IPHONE 8 / SE 2020 BLANCA ORIGINAL,2890
P-IPH8-B,PANTALLA IPHONE 8 / SE 2020 BLANCA TIANMA GLASS,1290
P-IPH8-N,PANTALLA IPHONE 8 / SE 2020 NEGRA TIANMA GLASS,1290
P-IPH8P-B,PANTALLA IPHONE 8 PLUS BLANCA TIANMA GLASS,1990
P-IPH8P-N,PANTALLA IPHONE 8 PLUS NEGRA,1990
P-IPHSE22-N,PANTALLA IPHONE SE 2022 NEGRO TIANMA GLASS,1990
P-IPHXOG,PANTALLA IPHONE X,5190
P-IPHXKD,PANTALLA IPHONE X INCELL,1890
P-IPHX,PANTALLA IPHONE X OLED,3590
P-IPHXR-GX,PANTALLA IPHONE XR GX OLED,3790
P-IPHXRRJ,PANTALLA IPHONE XR INCELL RJ,1800
P-IPHXRORI,PANTALLA IPHONE XR ORIGINAL,4990
P-IPHXSOG,PANTALLA IPHONE XS,4990
P-IPHXSRJ,PANTALLA IPHONE XS INCELL,2790
P-IPHXSMOG,PANTALLA IPHONE XS MAX,8990
P-IPHXSMJK,PANTALLA IPHONE XS MAX INCELL,1890
P-IPHXSMYK,PANTALLA IPHONE XS MAX OLED,3890
P-IPHXSYK,PANTALLA IPHONE XS OLED,3990
P-LGG4-N,PANTALLA LG G4 NEGRA,2890
P-LGK10,PANTALLA LG K10,2890
P-LGK11P,PANTALLA LG K11 PLUS / X4010,2590
P-LGK202019-N,PANTALLA LG K20 2019 NEGRA,2990
P-LGK220,PANTALLA LG K220 / X POWER,2990
P-LGK3,PANTALLA LG K3 2016 / K4 K120,2790
P-LGK350,PANTALLA LG K350,2890
P-LGK41S,PANTALLA LG K41S,2990
P-LGK8V-N,PANTALLA LG K8V VERIZON NEGRO,3590
P-LGQ6,PANTALLA LG Q6,3890
P-LGQ60,PANTALLA LG Q60 / K50,2590
P-MOTODEFY,PANTALLA MOTOROLA DEFY 2021,2990
P-MOTOE13,PANTALLA MOTOROLA E13,1890
P-MOTOG04,PANTALLA MOTOROLA E14 / XT2421-2 G04 G04S / XT2423-1 G24 G24 POWER,2690
P-MOTOE20,PANTALLA MOTOROLA E20 / XT2155 MC3A9,2590
P-MOTOE22,PANTALLA MOTOROLA E22,1990
P-MOTOE32,PANTALLA MOTOROLA E32 / G22,1990
P-MOTE4,PANTALLA MOTOROLA E4,1990
P-MOTE4PLUS,PANTALLA MOTOROLA E4 PLUS,2590
P-MOTOE40,PANTALLA MOTOROLA E40 // E30,1990
P-MOTOE5,PANTALLA MOTOROLA E5,3590
P-MOTOE5PL,PANTALLA MOTOROLA E5 PLAY / XT1920,2590
P-MOTOE5P,PANTALLA MOTOROLA E5 PLUS,3890
P-MOTOE6PLAY,PANTALLA MOTOROLA E6 PLAY,2590
P-MOTE6P-N,PANTALLA MOTOROLA E6 PLUS NEGRA,2890
P-MOTOE6S,PANTALLA MOTOROLA E6S,2690
P-MOTOE7XT,PANTALLA MOTOROLA E7 (XT-2095-1),2990
P-MOTE7PLUS,PANTALLA MOTOROLA E7 PLUS / G9 PLAY,2690
P-MOTOE7IP,PANTALLA MOTOROLA E7I POWER / XT2097,2690
P-MOTOE20L,PANTALLA MOTOROLA EDGE 20 LITE / XT2139,5290
P-MOTOED20P,PANTALLA MOTOROLA EDGE 20 PRO / EDGE 20,6590
P-MOTOED30F,PANTALLA MOTOROLA EDGE 30 FUSION,5690
P-MOTOED30N,PANTALLA MOTOROLA EDGE 30 NEO,6890
P-MOTOED40,PANTALLA MOTOROLA EDGE 40 5G,5190
P-MOTOED40N,PANTALLA MOTOROLA EDGE 40 NEO 5G,5390
P-MOTOED50P,"PANTALLA MOTOROLA EDGE 50 / EDGE 50 PRO 6.7"" C/TOUCH NEGRO",7890
P-MOTOED50,PANTALLA MOTOROLA EDGE 50 FUSION,6790
P-MOTOED50U,PANTALLA MOTOROLA EDGE 50 ULTRA,9990
P-MOTOG05,PANTALLA MOTOROLA G05,2590
P-MOTOG100,PANTALLA MOTOROLA G100 / XT2125-4,2990
P-MOTOG14,PANTALLA MOTOROLA G14,2990
P-MOTG20,PANTALLA MOTOROLA G20 / XT2128,1990
P-MOTOG23,PANTALLA MOTOROLA G23 / G13 / G53,2990
P-MOTOG30,PANTALLA MOTOROLA G30,2790
P-MOTOG32,PANTALLA MOTOROLA G32 (XT2235-3),2990
P-MOTOXT2363,PANTALLA MOTOROLA G34 XT2363,2990
P-MOTOG35,PANTALLA MOTOROLA G35,0
P-MOTG4P,PANTALLA MOTOROLA G4 PLAY,2690
P-MOTOG40FU,PANTALLA MOTOROLA G40 FUSION V2,3590
P-MOTG41,PANTALLA MOTOROLA G41 (XT2167 / 2022) G31 / G71,2990
P-MOTOG42,PANTALLA MOTOROLA G42 / XT2233-2,3590
P-MOTG50,PANTALLA MOTOROLA G50,3290
P-MOTOG51,PANTALLA MOTOROLA G51 5G (XT2171 / 2021),2290
P-MOTOG52,PANTALLA MOTOROLA G52 / G71S / G82 / EDGE 30,4590
P-MOTOG54,PANTALLA MOTOROLA G54 / G14,1990
P-MOTG6,PANTALLA MOTOROLA G6,2790
P-MOTOG6P,PANTALLA MOTOROLA G6 PLAY,2990
P-MOTOXT2133,PANTALLA MOTOROLA G60S / G60,1990
P-MOTG7P,PANTALLA MOTOROLA G7 PLAY,2790
P-MOTG7,PANTALLA MOTOROLA G7 POWER XT1955,2990
P-MOTG7XT,PANTALLA MOTOROLA G7 XT-1962 / G7 / G7 PLUS / XT1965,2990
P-MOTOG72,PANTALLA MOTOROLA G72,4500
P-MOTOG8,PANTALLA MOTOROLA G8 / XT2045,3590
P-MOTG8P,PANTALLA MOTOROLA G8 PLUS,4790
P-MOTG8POW,PANTALLA MOTOROLA G8 POWER,3790
P-MOTG8PWLITE,PANTALLA MOTOROLA G8 POWER LITE,2790
P-MOTOG84,PANTALLA MOTOROLA G84,4790
P-MOTOG85,PANTALLA MOTOROLA G85 (XT2427-3),4690
P-MOTOG9P,PANTALLA MOTOROLA G9 PLUS / XT2087,2890
P-MOTG9POW,PANTALLA MOTOROLA G9 POWER (XT2091 / 2020),2690
P-MOTOC,PANTALLA MOTOROLA MOTO C,2690
P-MOTCP,PANTALLA MOTOROLA MOTO C PLUS,3590
P-MOTONE,PANTALLA MOTOROLA MOTO ONE,3890
P-MOTONEF,PANTALLA MOTOROLA ONE FUSION,2990
P-MOTRZ40U,PANTALLA MOTOROLA XT2321 / RAZR 40 ULTRA,0
P-MOTOZPLAY,PANTALLA MOTOROLA Z PLAY,2990
P-MOTZ2,PANTALLA MOTOROLA Z2,2990
P-MOTOZ2P,PANTALLA MOTOROLA Z2 PLAY,2990
P-NOKIA1,PANTALLA NOKIA 1,2790
P-NOKIA13,PANTALLA NOKIA 1.3,2990
P-NOK2,PANTALLA NOKIA 2,2590
P-NOK22,PANTALLA NOKIA 2.2,2790
P-NOKIA23,PANTALLA NOKIA 2.3,2690
P-NOK2.4,PANTALLA NOKIA 2.4,2990
P-NOK3,PANTALLA NOKIA 3,2590
P-NOK31,PANTALLA NOKIA 3.1,2990
P-NOK32,PANTALLA NOKIA 3.2,3490
P-NK34,PANTALLA NOKIA 3.4 TA-1288,2590
P-NOK5,PANTALLA NOKIA 5,2390
P-NOK51,PANTALLA NOKIA 5.1,2990
P-NOK51P,PANTALLA NOKIA 5.1 PLUS,2590
P-NOK6,PANTALLA NOKIA 6,2590
P-NOK61,PANTALLA NOKIA 6.1,2990
P-NOK625,PANTALLA NOKIA 625,2590
P-NOK7P,PANTALLA NOKIA 7 PLUS,2990
P-NOK8,PANTALLA NOKIA 8,2590
P-NOKC01P,PANTALLA NOKIA C01 PLUS,2390
P-NOKC1P,PANTALLA NOKIA C1 PLUS,2690
P-NOKIAC20,PANTALLA NOKIA C10 / C20,2590
P-NOKC2,PANTALLA NOKIA C2,2390
P-NOKC21P,PANTALLA NOKIA C21 PLUS,2790
P-NOKC3,PANTALLA NOKIA C3 2020 TA-1298,2990
P-NOKC30,PANTALLA NOKIA C30,2690
P-NOKG20,PANTALLA NOKIA G10 / G20,2790
P-NOKG11,PANTALLA NOKIA G11,2590
P-NOKG11P,PANTALLA NOKIA G11 PLUS,2990
P-NOK1320,PANTALLA NOKIA LUMIA 1320,2590
P-NOK720,PANTALLA NOKIA LUMIA 720,3590
P-NOK730,PANTALLA NOKIA LUMIA 730 / 735 C/ MARCO,3590
P-NOK800,PANTALLA NOKIA LUMIA 800,2990
P-ONEP12,PANTALLA ONE PLUS 12,5500
P-ONEP9-5G,PANTALLA ONE PLUS 9 5G OLED,4460
P-OPPOA16,PANTALLA OPPO A16,2700
P-OPPOA38,PANTALLA OPPO A38 4G (CPH2579),2990
P-OPPOA79,PANTALLA OPPO A58 4G  (CPH2577) / A79 5G (CPH2553 CPH2557),2990
P-OPPOA80,PANTALLA OPPO A80 5G,0
P-OPPOA94,PANTALLA OPPO A94 5G,5290
P-OPPOC21-Y,PANTALLA OPPO C21-Y (RMX3263),2400
P-OPPOR11F-O,PANTALLA OPPO RENO 11F OLED,5590
P-OPPOR11F-T,PANTALLA OPPO RENO 11F TFT,4390
P-OPPOR13-O,PANTALLA OPPO RENO 13 5G (CPH2689 / PKM110),6790
P-OPPOX8,PANTALLA OPPO X8 (CPH2651),4500
P-RME6,PANTALLA REALME 6 (RMX2001),3500
P-RME6P,PANTALLA REALME 6 PRO (RMX2061 / RMX2063),2850
P-RME7P,PANTALLA REALME 7 PRO (RMX2170) CON SENSOR FRONTAL CON HUELLA NEGRO,8290
P-RME7I,PANTALLA REALME 7I GLOBAL (RMX2193),2450
P-RME84GOLED,PANTALLA REALME 8 5G OLED,3890
P-RMEC11,PANTALLA REALME C11 2020,3100
P-RMEC20,PANTALLA REALME C20 / C21 (RMX3063/RMX3061/RMX3201),2380
P-RMEC21Y,PANTALLA REALME C21Y,2990
P-RMEGTM,PANTALLA REALME GT MASTER (RMX3363) OLED,4990
P-RMEX2,PANTALLA REALME X2 OLED,3790
P-RMEX3,PANTALLA REALME X3 / X50,3100
P-SAMA01C,PANTALLA SAMSUNG A01 CORE / A013,2390
P-SAMA01F,PANTALLA SAMSUNG A015F,1990
P-SAMA01M,PANTALLA SAMSUNG A015M,1990
P-SAMA022,PANTALLA SAMSUNG A02  A022 2021 / M12,1990
P-SAMA02S,PANTALLA SAMSUNG A02S / A025F / A025M,1990
P-SAMA03,PANTALLA SAMSUNG A03 / A035F (160MM) / A02S,1990
P-SAMA032,PANTALLA SAMSUNG A03 CORE / A032F (GH96-19112A-21711A),1990
P-SAMA03S,PANTALLA SAMSUNG A03S / A037 A02S 160MM,1990
P-SAMA04,PANTALLA SAMSUNG A04 / A045,2790
P-SAMA04E,PANTALLA SAMSUNG A04E / A042,1990
P-SAMA04S,PANTALLA SAMSUNG A04S A047 / A13 5G A136,1990
P-SAMA055,PANTALLA SAMSUNG A05 / A055,2890
P-SAMA06,PANTALLA SAMSUNG A065 A06 2024 C/TOUCH NEGRO S-1028,3190
P-SAMA10,PANTALLA SAMSUNG A10 / A105M,1990
P-SAMA10E,PANTALLA SAMSUNG A10E,2590
P-SAMA10S,PANTALLA SAMSUNG A10S / A107,1990
P-SAMA11,PANTALLA SAMSUNG A11 / A115F / A115M,2590
P-SAMA12,PANTALLA SAMSUNG A12 / A125,2590
P-SAMA127,PANTALLA SAMSUNG A127 / A12S,2790
P-SAMA13,PANTALLA SAMSUNG A13 / A23  2022 / A135 / A137 / M336 / A135 /  M236 ( M23 / M33  5G 2022 ),2990
P-SAMA14B,PANTALLA SAMSUNG A14 5G / A146B A145M 2023 CONECTOR ANCHO,2790
P-SAMA15,PANTALLA SAMSUNG A15 A156M,4890
P-SAMA16-4G,PANTALLA SAMSUNG A16 4G,4590
P-SAMA20OLED,PANTALLA SAMSUNG A20 (OLED),2990
P-SAMA20CM,PANTALLA SAMSUNG A20 C/ MARCO,3890
P-SAMA20S,PANTALLA SAMSUNG A20S / A207,1990
P-SAMA21,PANTALLA SAMSUNG A21,1700
P-SAMA21S,PANTALLA SAMSUNG A21S / A217 (GH96-13759A),2990
P-SAMA21SM,PANTALLA SAMSUNG A21S C/ MARCO,3890
P-SAMA225,PANTALLA SAMSUNG A22 / A225 4G ORIGINAL,3890
P-SAMA226,PANTALLA SAMSUNG A22 / A226 5G (GH81-20694A),2990
P-SAMA23,PANTALLA SAMSUNG A23 / A235 4G 2022,2990
P-SAMA24,PANTALLA SAMSUNG A24,4390
P-SAMA25,PANTALLA SAMSUNG A25 / A256,5890
P-SAMA25-OL,PANTALLA SAMSUNG A25 / A256 OLED,4190
P-SAMA26,PANTALLA SAMSUNG A26,3990
P-SAMA32016,PANTALLA SAMSUNG A3 2016,3390
P-SAMA30,PANTALLA SAMSUNG A30,4590
P-SAMA30O,PANTALLA SAMSUNG A30 OLED,2990
P-SAMA30SOLED,PANTALLA SAMSUNG A30S OLED,3590
P-SAMA30S,PANTALLA SAMSUNG A30S ORI,4590
P-SAMA31,PANTALLA SAMSUNG A31 CON MARCO OLED,2990
P-SAMA31CM,PANTALLA SAMSUNG A31 ORIGINAL  C/ MARCO,5390
P-SAMA325GOG,PANTALLA SAMSUNG A32 4G ORIGINAL C/ MARCO,5190
P-SAMA326,PANTALLA SAMSUNG A32 5G / A326,5990
P-SAMA32CMOLED,PANTALLA SAMSUNG A32 CON MARCO (OLED),3990
P-SAMA33,PANTALLA SAMSUNG A33 / A336 5G,5190
P-SAMA33-O,PANTALLA SAMSUNG A33 / A336 5G OLED,3990
P-SAMA34,PANTALLA SAMSUNG A34,5790
P-SAMA35,PANTALLA SAMSUNG A35,5190
P-SAMA36,PANTALLA SAMSUNG A36,4890
P-SAMA40,PANTALLA SAMSUNG A40,4790
P-SAMA52016,PANTALLA SAMSUNG A5 2016,990
P-SAMA52017,PANTALLA SAMSUNG A5 2017,2990
P-SAMA50OLED,PANTALLA SAMSUNG A50 OLED,2990
P-SAMA50ORI,PANTALLA SAMSUNG A50 ORIGINAL,4790
P-SAMA51ORI,PANTALLA SAMSUNG A51 ORIGINAL,6590
P-SAMA51CMOLED,PANTALLA SAMSUNG A51/ A515 CON MARCO (OLED),4790
P-SAMA52,PANTALLA SAMSUNG A52 C/ MARCO,6590
P-SAMA52CMOLED,PANTALLA SAMSUNG A52 C/ MARCO OLED,3890
P-SAMA528,PANTALLA SAMSUNG A52S / A528,5690
P-SAMA536,PANTALLA SAMSUNG A53  5G / A536,6590
P-SAMA53O,PANTALLA SAMSUNG A53  5G / A536 OLED,3890
P-SAMA54-5G,PANTALLA SAMSUNG A54 5G,6100
P-SAMA55,PANTALLA SAMSUNG A55,5190
P-SAMA56,PANTALLA SAMSUNG A56,5990
P-SAMA6,PANTALLA SAMSUNG A6,3990
P-SAMA6P,PANTALLA SAMSUNG A6 PLUS,3590
P-SAMA72016,PANTALLA SAMSUNG A7 2016,4890
P-SAMA72017,PANTALLA SAMSUNG A7 2017 / A720,4790
P-SAMA72018,PANTALLA SAMSUNG A7 2018 / A750,3590
P-SAMA72018OLED,PANTALLA SAMSUNG A7 2018 / A750 (OLED),3590
P-SAMA70OLED,PANTALLA SAMSUNG A70 OLED,4590
P-SAMA70,PANTALLA SAMSUNG A70 ORIGINAL C/ MARCO,6090
P-SAMA71OLED,PANTALLA SAMSUNG A71 (OLED),5690
P-SAMA71,PANTALLA SAMSUNG A71 ORI,6590
P-SAMA72OLED,PANTALLA SAMSUNG A72 (OLED),4590
P-SAMA72,PANTALLA SAMSUNG A72 ORI,5390
P-SAMA73,PANTALLA SAMSUNG A73 ORIGINAL,6990
P-SAMA82018,PANTALLA SAMSUNG A8 2018 / A530,5190
P-SAMA92018,PANTALLA SAMSUNG A9 2018,3890
P-SAMJ2C,PANTALLA SAMSUNG J2 CORE,2690
P-SAMJ2PR,PANTALLA SAMSUNG J2 PRIME / G530 / G530H / G531 / G532,2990
P-SAMJ2P,PANTALLA SAMSUNG J2 PRO / J250,2990
P-SAMJ32016,PANTALLA SAMSUNG J3 2016,2990
P-SAMJ3P-G,PANTALLA SAMSUNG J3 PRIME GRIS,2990
P-SAMJ6P,PANTALLA SAMSUNG J4 PLUS / J6 PLUS J610,2990
P-SAMJ400OG,PANTALLA SAMSUNG J400,2990
P-SAMJ5P-N,PANTALLA SAMSUNG J5 PRIME NEGRA,2990
P-SAMJ5PRO-N,PANTALLA SAMSUNG J5 PRO NEGRA,3990
P-SAMJ500-N,PANTALLA SAMSUNG J500 NEGRA,2990
P-SAMJ52016-N,PANTALLA SAMSUNG J510-J5 2016 NEGRA,3590
P-SAMJ6,PANTALLA SAMSUNG J6 / J600 (ORI GLASS),3890
P-SAMJ7D,PANTALLA SAMSUNG J7 DUO / J720,2990
P-SAMJ7P-N,PANTALLA SAMSUNG J7 PRIME NEGRO,2790
P-SAMJ700OLED,PANTALLA SAMSUNG J700 OLED NEGRO,2790
P-SAJ700OG,PANTALLA SAMSUNG J700 ORI GLASS NEGRO,3890
P-SAMJ7NEO-N,PANTALLA SAMSUNG J701 / J7 NEO NEGRO,3990
P-SAMJ727,PANTALLA SAMSUNG J727  / J7 V NEGRO,2790
P-SAMJ7P,PANTALLA SAMSUNG J730 / J7 PRO NEGRO,4690
P-SAMJ8,PANTALLA SAMSUNG J8,3990
PL-SAMM20,PANTALLA SAMSUNG M20,2990
P-SAMM31,PANTALLA SAMSUNG M31 / CON MARCO,3990
P-SAMNOTE10,PANTALLA SAMSUNG NOTE 10,9990
P-SAMNOTE10L,PANTALLA SAMSUNG NOTE 10 LITE,12590
P-SAMN10PLUS,PANTALLA SAMSUNG NOTE 10 PLUS,13990
P-SAMN20,PANTALLA SAMSUNG NOTE 20,8900
P-SAMSN20U,PANTALLA SAMSUNG NOTE 20 ULTRA,16590
P-SAMN5-A,PANTALLA SAMSUNG NOTE 5 AZUL,6590
P-SAMNOTE8,PANTALLA SAMSUNG NOTE 8,9990
P-SAMNOTE9,PANTALLA SAMSUNG NOTE 9,12590
P-SAMS10,PANTALLA SAMSUNG S10,12900
P-SAMS10L,PANTALLA SAMSUNG S10 LITE  / CON MARCO,8900
P-SAMS10P,PANTALLA SAMSUNG S10 PLUS,14590
P-SAMS10E,PANTALLA SAMSUNG S10E / CON MARCO,8900
P-SAMS20,PANTALLA SAMSUNG S20,13990
P-SAMS20FE,PANTALLA SAMSUNG S20 FE,7590
P-SAMS20FE-O,PANTALLA SAMSUNG S20 FE OLED,4890
P-SAMS20P,PANTALLA SAMSUNG S20 PLUS,12990
P-SAMS20ULTRA,PANTALLA SAMSUNG S20 ULTRA,13890
P-SAMS21,PANTALLA SAMSUNG S21 / CON MARCO,9990
P-SAMS21FE,PANTALLA SAMSUNG S21 FE / G990F (GH82-26414A),8990
P-SAMS21P,PANTALLA SAMSUNG S21 PLUS C/ MARCO,11990
P-SAMS21U,PANTALLA SAMSUNG S21 ULTRA,15890
P-SAMS22ORI,PANTALLA SAMSUNG S22 ORIGINAL C/ MARCO,9990
P-SAMS22P,PANTALLA SAMSUNG S22 PLUS C/ MARCO,9990
P-SAMS22U,PANTALLA SAMSUNG S22 ULTRA (GH82-27488A),19990
P-SAMS22U-O,PANTALLA SAMSUNG S22 ULTRA OLED,14990
P-SAMS23,PANTALLA SAMSUNG S23,9990
P-SAMS23FE,PANTALLA SAMSUNG S23 FE,6590
P-SAMS23P,PANTALLA SAMSUNG S23 PLUS 5G (GH82-30476B/30477B),12590
P-SAMS23U,PANTALLA SAMSUNG S23 ULTRA,19990
P-SAMS23U-O,PANTALLA SAMSUNG S23 ULTRA OLED,9900
P-SAMS24,PANTALLA SAMSUNG S24,15490
P-SAMS24FE,PANTALLA SAMSUNG S24 FE,7990
P-SAMS24P,PANTALLA SAMSUNG S24 PLUS,17990
P-SAMS24U,PANTALLA SAMSUNG S24 ULTRA,19990
P-SAMS25,PANTALLA SAMSUNG S25,10990
P-SAMS25P,PANTALLA SAMSUNG S25 PLUS,13990
P-SAMS25U,PANTALLA SAMSUNG S25 ULTRA,19990
P-SAMS3M,PANTALLA SAMSUNG S3 MINI NEGRA,2690
P-SAMS5,PANTALLA SAMSUNG S5 / G900 (GH97-15859D),2890
P-SAMS6EDGE-N,PANTALLA SAMSUNG S6 EDGE NEGRA,6090
P-SAMS6F,PANTALLA SAMSUNG S6 FLAT AZUL,5690
P-SAMS7EDGE,PANTALLA SAMSUNG S7 EDGE NEGRO,5990
P-SAMS7,PANTALLA SAMSUNG S7 NEGRO,4590
P-SAMS8,PANTALLA SAMSUNG S8 NEGRO,9990
P-SAMS8P,PANTALLA SAMSUNG S8 PLUS,8900
P-SAMS9,PANTALLA SAMSUNG S9,6990
P-SAMS9P,PANTALLA SAMSUNG S9 PLUS,9900
P-SAMZF3,PANTALLA SAMSUNG Z FLIP 3 NEGRA,19990
P-SAMZF4,PANTALLA SAMSUNG Z FLIP 4 NEGRA,25990
P-SAMZF5,PANTALLA SAMSUNG Z FLIP 5 NEGRA,26590
P-SAMZF03,PANTALLA SAMSUNG Z FOLD 3 NEGRA,26590
P-SONYZ3-B,PANTALLA SONY D5803 / Z3 BLANCO,2990
P-SONYM4-N,PANTALLA SONY E2303 / E2306 XPERIA M4,1990
P-SONXA-G,PANTALLA SONY XA F3113 GRIS,2790
P-SOXAU-G,PANTALLA SONY XA ULTRA GRIS,2990
P-SONXA1,PANTALLA SONY XA1,3490
P-SONXA1P,PANTALLA SONY XA1 PLUS,2790
P-SONXA2U,PANTALLA SONY XA2 ULTRA,2990
P-SONYL1,PANTALLA SONY XPERIA L1,2790
P-SONXPZ,PANTALLA SONY XPERIA Z,2990
P-SONZ1M-N,PANTALLA SONY XPERIA Z1 MINI NEGRA,2990
P-SONYXZ1,PANTALLA SONY XZ1,2390
P-SONZ2,PANTALLA SONY Z2,2990
P-SONZ3,PANTALLA SONY Z3,2990
P-SONZ3P,PANTALLA SONY Z3 PLUS E6553,2590
P-SONZ5P,PANTALLA SONY Z5 PREMIUM,3890
P-SUR3ORI,PANTALLA SURFACE 3,5690
P-TCL10SE,PANTALLA TCL 10 SE,2990
P-TCL20E,PANTALLA TCL 20E,2790
P-TCL20L,PANTALLA TCL 20L NEGRA,3590
P-TCL20SE,PANTALLA TCL 20SE / T671E,2790
P-TCL30SE,PANTALLA TCL 30 SE / 30E,2790
P-TCL305I,PANTALLA TCL 305I,2790
P-TCL40R-5G,PANTALLA TCL 40R 5G,2990
P-TCLA30,PANTALLA TCL A30,2990
P-TECCA16,PANTALLA TECNO CAMON 16 (CE7),2590
P-TECCA17,PANTALLA TECNO CAMON 17,3890
P-TECPOP5,PANTALLA TECNO POP 5 LTE,2590
P-TECP6,PANTALLA TECNO POVA 6 (LI7),5500
P-TECS10C,PANTALLA TECNO SPARK 10C,2700
P-TECS20,PANTALLA TECNO SPARK 20,2780
P-TECS20P,PANTALLA TECNO SPARK 20 PRO,3100
P-TECS20P+,PANTALLA TECNO SPARK 20 PRO PLUS,4990
P-TECNOSK6,PANTALLA TECNO SPARK 6,2590
P-TECSP6GO-N,PANTALLA TECNO SPARK 6 GO,2390
P-UMDGA11,PANTALLA UMIDIGI A11,2690
P-UMDGA7S,PANTALLA UMIDIGI A7S,2990
P-UMDGA9,PANTALLA UMIDIGI A9,2990
P-UMDGA9P,PANTALLA UMIDIGI A9 PRO,3600
P-UMDGBX10P,PANTALLA UMIDIGI BISON X10 PRO,3590
P-VIVOY27,PANTALLA VIVO Y27 5G (V2302),2990
P-VIVOY36,PANTALLA VIVO Y36 5G (V2248),2990
P-VIVOY72,PANTALLA VIVO Y72 5G (V2041),2790
P-WIKV3LITE,PANTALLA WIKO VIEW 3 LITE,2990
P-XIA12,PANTALLA XIAOMI 12 / 12X / 12S 5G,5690
P-XIA12T,PANTALLA XIAOMI 12T 22071212AG,4290
P-XIA13T,PANTALLA XIAOMI 13T,5990
P-XIA13T-T,PANTALLA XIAOMI 13T / 13T PRO TFT,3990
P-XIA14U,PANTALLA XIAOMI 14 ULTRA (24031PN0DC),15990
P-XIA14T,PANTALLA XIAOMI 14T / 14T PRO,4890
P-XIA15,PANTALLA XIAOMI 15 5G (2024) (X-578),8290
P-XIAMI10E,PANTALLA XIAOMI MI 10 EDGE,5190
P-XIAMI10L,PANTALLA XIAOMI MI 10 LITE,5990
P-XIAMI11-CM,PANTALLA XIAOMI MI 11 LITE CON MARCO (M2101K9AG),4490
P-XIAMI11,PANTALLA XIAOMI MI 11 LITE M2101K9AG 2109119DG,3890
P-XIAMI11U,PANTALLA XIAOMI MI 11 ULTRA,10990
P-XIAMI11T,PANTALLA XIAOMI MI 11T 5G (21081111RG) 11T PRO 5G (2107113SG),4990
P-XIAMI12,PANTALLA XIAOMI MI 12 LITE (2203129G),4990
P-XIAMI5,PANTALLA XIAOMI MI 5,2990
P-XIAMI8,PANTALLA XIAOMI MI 8,4790
P-XIAMI8LITE,PANTALLA XIAOMI MI 8 LITE (M1808D2TG),1990
P-XIAMI8P,PANTALLA XIAOMI MI 8 PRO,4790
P-XIAMI9,PANTALLA XIAOMI MI 9,4790
P-XIAMI9L,PANTALLA XIAOMI MI 9 LITE,4890
P-XIAMI9SE,PANTALLA XIAOMI MI 9 SE ( M1903F2G ),4990
P-XIAMI9SE-TFT,PANTALLA XIAOMI MI 9 SE TFT ( M1903F2G ),3690
P-XIAMI9TOLED,PANTALLA XIAOMI MI 9T (M1903F10G) (M1903F11G),4590
P-XIAMIA1,PANTALLA XIAOMI MI A1,2590
P-XIAMIA1CM-N,PANTALLA XIAOMI MI A1 C/ MARCO NEGRO,2590
P-XIAMIA2-B,PANTALLA XIAOMI MI A2 BLANCA,2690
P-XIAMIA2L-B,PANTALLA XIAOMI MI A2 LITE BLANCA / REDMI 6 PRO,2590
P-XIAMIA2L-N,PANTALLA XIAOMI MI A2 LITE NEGRA / REDMI 6 PRO,2590
P-XIAMIA2L-N-M,PANTALLA XIAOMI MI A2 LITE NEGRO C/MARCO,2990
P-XIAMIA2-N,PANTALLA XIAOMI MI A2 NEGRA,1990
P-XIAMIA3,PANTALLA XIAOMI MI A3,3990
P-XIAMAX3,PANTALLA XIAOMI MI MAX 3 (M1804E4A),2890
P-XIAMIX2-N,PANTALLA XIAOMI MI MIX 2 (MDE5),3590
P-XIAMIMIX3,PANTALLA XIAOMI MI MIX 3,4990
P-XIARN10-PRO,PANTALLA XIAOMI MI NOTE 10 / PRO,6090
P-XIAN10S,PANTALLA XIAOMI MI NOTE 10S / MI NOTE 10 LITE (M1910F4G) (M2002F4LG),3590
P-XIAPF3,PANTALLA XIAOMI POCO F3 M2012K11AG,5190
P-XIAPOCOM5,PANTALLA XIAOMI POCO M5,3290
P-XIAPX3,PANTALLA XIAOMI POCO X3 / POCO X3 PRO / MI 10T LITE 5G (560003J20S00),3590
P-XIAPX3-GT,PANTALLA XIAOMI POCO X3 GT C/TOUCH NEGRO (21061110AG),2990
P-XIAPX3-CM,PANTALLA XIAOMI POCO X3 PRO AZUL CON MARCO,4790
P-XIAPX6P,PANTALLA XIAOMI POCO X6 PRO,5190
P-XIAPOCOF1,PANTALLA XIAOMI POCOPHONE F1,2690
P-XIAMF2,PANTALLA XIAOMI POCOPHONE F2 / K30 PRO,2990
P-XIAF2OG,PANTALLA XIAOMI POCOPHONE F2 ORI GLASS,4890
P-XIAR10,PANTALLA XIAOMI REDMI 10 / REDMI 10 2022 (21061119AG) (21121119SG) (21121119VL),1990
P-XIAR105G,PANTALLA XIAOMI REDMI 10 5G / POCO M4 5G / NOTE 11E 5G (22041219G) (22041219NY),2790
P-XIARED10C,PANTALLA XIAOMI REDMI 10C / 10 POWER / POCO C40 4G 2022 NEGRO ORIGINAL (X-256),2890
P-XIARED10C-CM,PANTALLA XIAOMI REDMI 10C / 10 POWER / POCO C40 4G 2022 NEGRO ORIGINAL (X-256) CON MARCO,3590
P-XIAR12,PANTALLA XIAOMI REDMI 12 5G C/ TOUCH NEGRO,2890
P-XIAR12C,PANTALLA XIAOMI REDMI 12C (22120RN86G) (2212ARNC4L),2890
P-XIAR13,PANTALLA XIAOMI REDMI 13 / POCO M6 4G  (24049RN28L),2990
P-XIAR13C,PANTALLA XIAOMI REDMI 13C / POCO C65 23100RN82L  23124RN87G,1990
P-XIAR14C,"PANTALLA XIAOMI REDMI 14C (2411DRN47C, 2409BRN2CA)",2990
2411DRN47C,PANTALLA XIAOMI REDMI 14C 4G C/MARCO,3290
P-XIAR4,PANTALLA XIAOMI REDMI 4,2990
P-XIAR4A-B,PANTALLA XIAOMI REDMI 4A BLANCA,2890
P-XIAR4A-N,PANTALLA XIAOMI REDMI 4A NEGRA,2390
P-XIARMI4X,PANTALLA XIAOMI REDMI 4X,2890
P-XIAR5,PANTALLA XIAOMI REDMI 5,2890
P-XIAR5P,PANTALLA XIAOMI REDMI 5 PLUS,2690
P-XIARMI5A,PANTALLA XIAOMI REDMI 5A,2690
P-XIAR6A-N,PANTALLA XIAOMI REDMI 6 / 6A (M1804C3DG / M1804C3CH),2890
P-XIARMI7,PANTALLA XIAOMI REDMI 7,2790
P-XIAR7A,PANTALLA XIAOMI REDMI 7A,2890
P-XIARMI8A,PANTALLA XIAOMI REDMI 8 / 8A (M1908C3IH / M1908C3K1),2690
P-XIAR8ACM,PANTALLA XIAOMI REDMI 8A CON MARCO,2590
P-XIAR9,PANTALLA XIAOMI REDMI 9 (M2004J19G),2890
P-XIAR9C,PANTALLA XIAOMI REDMI 9C / 9A / 10A (M2006C3LG / M2006C3LVG / M2006C3MG / 220233L2C),1990
P-XIA9T,PANTALLA XIAOMI REDMI 9T /  POCO M3 (X-253) (M2010J19CG) (M2010J19SG) (M2010J19SL),2890
P-XIA9TCM,PANTALLA XIAOMI REDMI 9T / POCO M3 C/MARCO (X-253) (M2010J19CG) (M2010J19SG) (M2010J19SL),2890
P-XIAREDA1,PANTALLA XIAOMI REDMI A1 / A2 / A1 PLUS (220733SL) (23026RN54G),1990
P-XIARA3,PANTALLA XIAOMI REDMI A3 ( 2312CRNCCL ),1990
P-XIARA5,PANTALLA XIAOMI REDMI A5,2190
P-XIAREDK50,PANTALLA XIAOMI REDMI K50,6890
P-XIARN10SOLED,PANTALLA XIAOMI REDMI NOTE 10 4G  / NOTE 10S (M2101K7AI) (M210K7BL) (M2101K7AG),3250
P-XIARN105G,PANTALLA XIAOMI REDMI NOTE 10 5G / NOTE 10T 5G (M2103K19G) (M2103K19PG),2690
P-XIARN10PTFT,PANTALLA XIAOMI REDMI NOTE 10 PRO 4G (TFT) M2101K6G,3990
P-XIARN10P,PANTALLA XIAOMI REDMI NOTE 10 PRO 4G M2101K6G,4990
P-XIARN11O,PANTALLA XIAOMI REDMI NOTE 11 4G OLED (2201117TG - 2201117TG - 2201117TY) REDMI NOTE 11S 4G (2201117,4890
P-XIARN11TFT,PANTALLA XIAOMI REDMI NOTE 11 4G TFT (2201117TG - 2201117TY) / REDMI NOTE 11S 4G (2201117PG),3890
P-XIARN11PRO-5G,PANTALLA XIAOMI REDMI NOTE 11 PRO 5G / POCO X4 PRO 5G / NOTE 10 PRO 5G (2201116PG) (2201116SG),4790
P-XIRENO11POG,PANTALLA XIAOMI REDMI NOTE 11 PRO ORI GLASS (2201116SG),5690
P-XIARN11PTFT,PANTALLA XIAOMI REDMI NOTE 11 PRO TFT (2201116SG) (2201116TG),1990
P-XIARN11S,PANTALLA XIAOMI REDMI NOTE 11S 5G / POCO M4 PRO 5G ( 22031116BG / 21091116AG ),3590
P-XIARN12-O,PANTALLA XIAOMI REDMI NOTE 12 / POCO X5 5G  23028RA60L / 22111317PG,3990
P-XIARN12P-4G,PANTALLA XIAOMI REDMI NOTE 12 PRO 4G,3890
P-XIARN12P-5G,PANTALLA XIAOMI REDMI NOTE 12 PRO 5G / POCO X5 PRO 5G,3890
P-XIARN12PP-N,PANTALLA XIAOMI REDMI NOTE 12 PRO PLUS NEGRO,3890
P-XIARN12S,PANTALLA XIAOMI REDMI NOTE 12S 2303ERA42L,3890
P-XIARN134G,PANTALLA XIAOMI REDMI NOTE 13 4G OLED,4990
P-XIARN134G-T,PANTALLA XIAOMI REDMI NOTE 13 4G TFT,3590
P-XIARN135G,PANTALLA XIAOMI REDMI NOTE 13 5G,4990
P-XIARN13P4G-O,PANTALLA XIAOMI REDMI NOTE 13 PRO 4G OLED,6590
P-XIARN13P4G-T,PANTALLA XIAOMI REDMI NOTE 13 PRO 4G TFT,4990
P-XIARN13P,PANTALLA XIAOMI REDMI NOTE 13 PRO 5G,3990
P-XIARN13P+,PANTALLA XIAOMI REDMI NOTE 13 PRO PLUS (23090RA98C),6990
P-XIARN14,PANTALLA XIAOMI REDMI NOTE 14 4G (24117RN76G) / REDMI NOTE 14 5G (24094RAD4G) (OLED),5590
P-XIAREN3,PANTALLA XIAOMI REDMI NOTE 3,2590
P-XIAN3P,PANTALLA XIAOMI REDMI NOTE 3 PRO,2990
P-XIAMIN4X,PANTALLA XIAOMI REDMI NOTE 4 / NOTE 4X,1990
P-XIARN5,PANTALLA XIAOMI REDMI NOTE 5,2690
P-XIARMIN5P,PANTALLA XIAOMI REDMI NOTE 5 PRIME / PRO,2990
P-XIARN5A,PANTALLA XIAOMI REDMI NOTE 5A,2790
P-XIARM5AP-B,PANTALLA XIAOMI REDMI NOTE 5A PRIME BLANCA,2790
P-XIARN5AP-N,PANTALLA XIAOMI REDMI NOTE 5A PRIME NEGRA,1990
P-XIAN6P,PANTALLA XIAOMI REDMI NOTE 6 PRO,2990
P-XIARMINOTE7,PANTALLA XIAOMI REDMI NOTE 7,2790
P-XIARMINOTE8,PANTALLA XIAOMI REDMI NOTE 8 (M1908C3J),2890
P-XIARMINOTE8PRO,PANTALLA XIAOMI REDMI NOTE 8 PRO (M1906G7G),2890
P-XIARN8T,PANTALLA XIAOMI REDMI NOTE 8T (M1908C3XG),3590
P-XIARMINOTE9,PANTALLA XIAOMI REDMI NOTE 9 (M2003J15SS),2890
P-XIARMINOTE9-CM,PANTALLA XIAOMI REDMI NOTE 9 C/MARCO,2890
P-XIARMN9P,PANTALLA XIAOMI REDMI NOTE 9 PRO / NOTE 9S (M2003J6B2G),1990
P-XIARN9SM,PANTALLA XIAOMI REDMI NOTE 9S C/ MARCO,4890
P-XIARMIS2,PANTALLA XIAOMI REDMI S2,2890
P-ZTEA33S,PANTALLA ZTE A33S,2800
P-ZTEA5,PANTALLA ZTE A5 2020,2990
P-ZTEA51L,"PANTALLA ZTE A51 LITE 6 09""",2890
P-ZTEA52,PANTALLA ZTE A52,3090
P-ZTEA53-P,PANTALLA ZTE A53 / A53 PLUS,2990
P-ZTEA72S,PANTALLA ZTE A72 / A72S,3990
P-ZTEA75-4G,PANTALLA ZTE A75 4G,2590
P-ZTEA75,PANTALLA ZTE A75 5G / NUBIA FOCUS 5G,2890
P-ZTEB8,PANTALLA ZTE BLADE 8,2200
P-ZTEBA31P,PANTALLA ZTE BLADE A31 PLUS,2990
P-ZTEBA34,PANTALLA ZTE BLADE A34 / A54,2990
P-ZTEBA55,PANTALLA ZTE BLADE A35 4G / A55 4G,2990
P-ZTEBA71,PANTALLA ZTE BLADE A71 / A51,2890
P-ZTEBA73,PANTALLA ZTE BLADE A73 5G,2990
P-ZTEL210,PANTALLA ZTE L210 BLADE,2990
56215461423,PARALANTE SAMSUNG A546 / A54,990
PAR-HUAWNOVA5T,PARLANTE ALTAVOZ HUAWEI NOVA 5T,1350
PAR-SAMA226,PARLANTE ALTAVOZ SAMSUNG A22 5G,0
PAR-MOTOG20,PARLANTE MOTOROLA G20,1300
PAR-XIAR12C,PARLANTE XIAOMI REDMI 12C,1500
P-SMECHANIC,PASTA PARA SOLDAR MECHANIC 148º,525
P-SMECHANIC183,PASTA PARA SOLDAR MECHANIC 183º,1220
P-B7000,PEGAMENTO B7000,400
P-FACEQIAN,PEGAMENTO FACE ID QIANLI,1400
P-T7000,PEGAMENTO T7000,400
S-PICKUP,PICKUP,590
PI-ANT022B,PINCEL ANTIESTATICO SS-022B,320
P-VETUSJP,PINZAS VETUS JP,990
P-B250BTCPRO,PLACA B250 BTC PRO,11590
11590,PLACA CARGA MOTROLA G34 XT2363-2,1690
C-ALC3X2019,PLACA DE CARGA Y MICRÓFONO PARA ALCATEL 3X 2019 / OT5048,1500
C-ALC3X2020,PLACA DE CARGA Y MICRÓFONO PARA ALCATEL 3X 2020 / 5X,1500
C-ALCOT6012,PLACA DE CARGA Y MICRÓFONO PARA ALCATEL OT6012/OT4033/LENOVO A708/S890,1450
CP-HUAP9,PLACA DE CARGA Y MICRÓFONO PARA DE PLACA HUAWEI P9,1200
F-SONAUZ5P,PLACA DE CARGA Y MICRÓFONO PARA FLEX AURICULAR JACK 3.5 MM SONY Z5 PREMIUM,1790
C-GOOGLEP2XL,PLACA DE CARGA Y MICRÓFONO PARA GOOGLE PIXEL 2XL,3000
C-HON90,PLACA DE CARGA Y MICRÓFONO PARA HONOR 90,1990
C-HONX6A,PLACA DE CARGA Y MICRÓFONO PARA HONOR X6A,1690
C-HONX6S,PLACA DE CARGA Y MICRÓFONO PARA HONOR X6S (VNE-LX2),1690
C-HUAM10L,PLACA DE CARGA Y MICRÓFONO PARA HUAWEI MATE 10 LITE,1500
C-HUAM10P,PLACA DE CARGA Y MICRÓFONO PARA HUAWEI MATE 10 PRO,1500
C-HUAM20,PLACA DE CARGA Y MICRÓFONO PARA HUAWEI MATE 20,1890
C-HUAM20L,PLACA DE CARGA Y MICRÓFONO PARA HUAWEI MATE 20 LITE,1890
C-HUAN5T,PLACA DE CARGA Y MICRÓFONO PARA HUAWEI NOVA 5T,1690
C-HUAN8I,PLACA DE CARGA Y MICRÓFONO PARA HUAWEI NOVA 8I,1690
F-HUAPSM,PLACA DE CARGA Y MICRÓFONO PARA HUAWEI P SMART,1400
C-HUAPS19,PLACA DE CARGA Y MICRÓFONO PARA HUAWEI P SMART 2019,1500
C-HUAP10,PLACA DE CARGA Y MICRÓFONO PARA HUAWEI P10,1690
F-HUAP20,PLACA DE CARGA Y MICRÓFONO PARA HUAWEI P20,1690
C-HUAP20LITE,PLACA DE CARGA Y MICRÓFONO PARA HUAWEI P20 LITE,1690
C-HUAP20P,PLACA DE CARGA Y MICRÓFONO PARA HUAWEI P20 PRO,1690
CO-HUAP30,PLACA DE CARGA Y MICRÓFONO PARA HUAWEI P30,1750
C-HUAP30LITE,PLACA DE CARGA Y MICRÓFONO PARA HUAWEI P30 LITE,1590
F-HUAP30P,PLACA DE CARGA Y MICRÓFONO PARA HUAWEI P30 PRO,2490
C-HUAP40L,PLACA DE CARGA Y MICRÓFONO PARA HUAWEI P40 LITE,1790
C-HUAP9L,PLACA DE CARGA Y MICRÓFONO PARA HUAWEI P9 LITE,1500
C-HUAP9LS,PLACA DE CARGA Y MICRÓFONO PARA HUAWEI P9 LITE SMART,1450
C-HUAY52019,PLACA DE CARGA Y MICRÓFONO PARA HUAWEI Y5 2019,1450
C-HUAY5L,PLACA DE CARGA Y MICRÓFONO PARA HUAWEI Y5 LITE,1650
C-HUAY5P,PLACA DE CARGA Y MICRÓFONO PARA HUAWEI Y5P,1690
C-HUAY62018,PLACA DE CARGA Y MICRÓFONO PARA HUAWEI Y6 2018,1750
C-HUAY62019,PLACA DE CARGA Y MICRÓFONO PARA HUAWEI Y6 2019 / Y6S,1590
C-HUAY72018,PLACA DE CARGA Y MICRÓFONO PARA HUAWEI Y7 2018,1400
C-HUAY72019,PLACA DE CARGA Y MICRÓFONO PARA HUAWEI Y7 2019,1400
C-HUAY8S,PLACA DE CARGA Y MICRÓFONO PARA HUAWEI Y8S,1690
C-HUAY92019,PLACA DE CARGA Y MICRÓFONO PARA HUAWEI Y9 2019,1400
C-HUAY9P,PLACA DE CARGA Y MICRÓFONO PARA HUAWEI Y9 PRIME,1400
C-HUAY9A,PLACA DE CARGA Y MICRÓFONO PARA HUAWEI Y9A,1590
C-HUAY9S,PLACA DE CARGA Y MICRÓFONO PARA HUAWEI Y9S,1590
J-SAMJ400,PLACA DE CARGA Y MICRÓFONO PARA JACK SAMSUNG J400,1490
C-LGK10,PLACA DE CARGA Y MICRÓFONO PARA LG M250 / X400 / K10 2017,1200
MIC-SAM,PLACA DE CARGA Y MICRÓFONO PARA MICROFONO SAMSUNG,890
F-CMOTOE13,PLACA DE CARGA Y MICRÓFONO PARA MOTOROLA E13,1690
F-CMOTOE20,PLACA DE CARGA Y MICRÓFONO PARA MOTOROLA E20,1590
F-CMOTOE22,PLACA DE CARGA Y MICRÓFONO PARA MOTOROLA E22,1690
F-CMOTOE4,PLACA DE CARGA Y MICRÓFONO PARA MOTOROLA E4 PLUS,1400
F-CMOTOE5P,PLACA DE CARGA Y MICRÓFONO PARA MOTOROLA E5 PLUS,1690
F-CMOTOE7P,PLACA DE CARGA Y MICRÓFONO PARA MOTOROLA E7 PLUS,1500
F-CMOTOE7I,PLACA DE CARGA Y MICRÓFONO PARA MOTOROLA E7I / E7I POWER MC392,1690
C-MOTE20L,PLACA DE CARGA Y MICRÓFONO PARA MOTOROLA EDGE 20 LITE,1790
F-CMOTOE30N,PLACA DE CARGA Y MICRÓFONO PARA MOTOROLA EDGE 30 NEO,1990
F-CMOTOG24,PLACA DE CARGA Y MICRÓFONO PARA MOTOROLA G24,1790
F-CMOTOG31,PLACA DE CARGA Y MICRÓFONO PARA MOTOROLA G31,1690
F-CMOTOG60S,PLACA DE CARGA Y MICRÓFONO PARA MOTOROLA G60S,1690
F-CMOTOG7,PLACA DE CARGA Y MICRÓFONO PARA MOTOROLA G7 / G7 PLUS / XT1962,1590
F-CMOTOG7POW,PLACA DE CARGA Y MICRÓFONO PARA MOTOROLA G7 POWER XT1955,1590
C-MOTOG8,PLACA DE CARGA Y MICRÓFONO PARA MOTOROLA G8,1500
F-CMOTOG9P,PLACA DE CARGA Y MICRÓFONO PARA MOTOROLA G9 PLAY,1500
F-MOTG9P,PLACA DE CARGA Y MICRÓFONO PARA MOTOROLA G9 PLUS,1690
F-CONCARGANOKIA31,PLACA DE CARGA Y MICRÓFONO PARA NOKIA 3.1,1200
C-NOK51P,PLACA DE CARGA Y MICRÓFONO PARA NOKIA 5.1 PLUS,1600
C-NOK6,PLACA DE CARGA Y MICRÓFONO PARA NOKIA 6 2017,1690
C-NOKI61,PLACA DE CARGA Y MICRÓFONO PARA NOKIA 6.1 TA-1045,1690
C-NOK625,PLACA DE CARGA Y MICRÓFONO PARA NOKIA 625 LUMIA,1590
C-NOKG11P,PLACA DE CARGA Y MICRÓFONO PARA NOKIA G11 PLUS,1500
C-NOKG21,PLACA DE CARGA Y MICRÓFONO PARA NOKIA G21,1890
RE-IMAGSAF-12,PLACA DE CARGA Y MICRÓFONO PARA REPUESTOS IMANES MAGSAFE PARA IPHONE 12 / 12 PRO / 12 PRO MAX,1200
RE-IMAGSAF-12M,PLACA DE CARGA Y MICRÓFONO PARA REPUESTOS IMANES MAGSAFE PARA IPHONE 12 MINI,1200
RE-IMAGSAF-13,PLACA DE CARGA Y MICRÓFONO PARA REPUESTOS IMANES MAGSAFE PARA IPHONE 13 / 13 PRO / 13 PRO MAX,1200
RE-IMAGSAF-13M,PLACA DE CARGA Y MICRÓFONO PARA REPUESTOS IMANES MAGSAFE PARA IPHONE 13 MINI,1200
C-SAMA01C,PLACA DE CARGA Y MICRÓFONO PARA SAMSUNG A01 CORE,1200
C-SAMA015F,PLACA DE CARGA Y MICRÓFONO PARA SAMSUNG A015F,1200
C-SAMA015M,PLACA DE CARGA Y MICRÓFONO PARA SAMSUNG A015M,1200
C-SAMA02,PLACA DE CARGA Y MICRÓFONO PARA SAMSUNG A02,1400
C-SAMA02S,PLACA DE CARGA Y MICRÓFONO PARA SAMSUNG A02S,1590
C-SAMA03C,PLACA DE CARGA Y MICRÓFONO PARA SAMSUNG A03 CORE / A032,1400
C-SAMA035,PLACA DE CARGA Y MICRÓFONO PARA SAMSUNG A035,1400
C-SAMA03S,PLACA DE CARGA Y MICRÓFONO PARA SAMSUNG A03S,1400
C-SAMA045,PLACA DE CARGA Y MICRÓFONO PARA SAMSUNG A045,1600
C-SAMA04E,PLACA DE CARGA Y MICRÓFONO PARA SAMSUNG A04E,1600
C-SAMA04S,PLACA DE CARGA Y MICRÓFONO PARA SAMSUNG A04S/ A047,1600
C-SAMA055,PLACA DE CARGA Y MICRÓFONO PARA SAMSUNG A055,1690
C-SAMA05S,PLACA DE CARGA Y MICRÓFONO PARA SAMSUNG A05S,1890
C-SAMA06,PLACA DE CARGA Y MICRÓFONO PARA SAMSUNG A06,1690
C-SAMA10,PLACA DE CARGA Y MICRÓFONO PARA SAMSUNG A10,1400
C-SAMA10E,PLACA DE CARGA Y MICRÓFONO PARA SAMSUNG A10E / A102,1500
C-SAMA10S-M15,PLACA DE CARGA Y MICRÓFONO PARA SAMSUNG A10S M15,1400
C-SAMA10S-M16,PLACA DE CARGA Y MICRÓFONO PARA SAMSUNG A10S M16,1400
C-SAMA11,PLACA DE CARGA Y MICRÓFONO PARA SAMSUNG A11,1500
C-SAMA12,PLACA DE CARGA Y MICRÓFONO PARA SAMSUNG A12,1590
C-SAMA13,PLACA DE CARGA Y MICRÓFONO PARA SAMSUNG A13 / A135,1590
C-SAMA145,PLACA DE CARGA Y MICRÓFONO PARA SAMSUNG A14 / A145,1690
C-SAMA15,PLACA DE CARGA Y MICRÓFONO PARA SAMSUNG A15,1790
C-SAMA16,PLACA DE CARGA Y MICRÓFONO PARA SAMSUNG A16,1790
C-SAMA20,PLACA DE CARGA Y MICRÓFONO PARA SAMSUNG A20,1590
C-SAMA20SM12,PLACA DE CARGA Y MICRÓFONO PARA SAMSUNG A20S M12,1590
C-SAMA20SM14,PLACA DE CARGA Y MICRÓFONO PARA SAMSUNG A20S M14,1590
C-SAMA21,PLACA DE CARGA Y MICRÓFONO PARA SAMSUNG A21,1490
C-SAMA21S,PLACA DE CARGA Y MICRÓFONO PARA SAMSUNG A21S,1500
C-SAMA225,PLACA DE CARGA Y MICRÓFONO PARA SAMSUNG A225,1790
C-SAMA226,PLACA DE CARGA Y MICRÓFONO PARA SAMSUNG A226,1590
C-SAMA235,PLACA DE CARGA Y MICRÓFONO PARA SAMSUNG A23,1690
C-SAMA24,PLACA DE CARGA Y MICRÓFONO PARA SAMSUNG A24,1890
CA-SAMA25,PLACA DE CARGA Y MICRÓFONO PARA SAMSUNG A25,1890
CA-SAMA26,PLACA DE CARGA Y MICRÓFONO PARA SAMSUNG A26,1990
C-SAMA3,PLACA DE CARGA Y MICRÓFONO PARA SAMSUNG A3,1500
C-SAMA30,PLACA DE CARGA Y MICRÓFONO PARA SAMSUNG A30,1690
C-SAMA30S,PLACA DE CARGA Y MICRÓFONO PARA SAMSUNG A30S,1690
C-SAMA31,PLACA DE CARGA Y MICRÓFONO PARA SAMSUNG A31,1690
C-SAMA325,PLACA DE CARGA Y MICRÓFONO PARA SAMSUNG A32,1890
C-SAMA33,PLACA DE CARGA Y MICRÓFONO PARA SAMSUNG A33,1790
C-SAMA34,PLACA DE CARGA Y MICRÓFONO PARA SAMSUNG A34 / A346,1700
C-SAMA35,PLACA DE CARGA Y MICRÓFONO PARA SAMSUNG A35,1700
C-SAMA36,PLACA DE CARGA Y MICRÓFONO PARA SAMSUNG A36,1790
C-SAMA40,PLACA DE CARGA Y MICRÓFONO PARA SAMSUNG A40,1690
C-SAMA52016,PLACA DE CARGA Y MICRÓFONO PARA SAMSUNG A5 2016,1890
C-SAMA52017,PLACA DE CARGA Y MICRÓFONO PARA SAMSUNG A5 2017,1890
C-SAMA50,PLACA DE CARGA Y MICRÓFONO PARA SAMSUNG A50,1690
C-SAMA51,PLACA DE CARGA Y MICRÓFONO PARA SAMSUNG A51,1700
C-SAMA52,PLACA DE CARGA Y MICRÓFONO PARA SAMSUNG A52,1890
C-SAMA53,PLACA DE CARGA Y MICRÓFONO PARA SAMSUNG A53 / A536,1990
C-SAMA55,PLACA DE CARGA Y MICRÓFONO PARA SAMSUNG A55 / A556,1890
C-SAMA56,PLACA DE CARGA Y MICRÓFONO PARA SAMSUNG A56,1890
C-SAMA6P,PLACA DE CARGA Y MICRÓFONO PARA SAMSUNG A6 PLUS,1700
C-SAMA72018,PLACA DE CARGA Y MICRÓFONO PARA SAMSUNG A7 2018,1400
C-SAMA70,PLACA DE CARGA Y MICRÓFONO PARA SAMSUNG A70,1590
C-SAMA71,PLACA DE CARGA Y MICRÓFONO PARA SAMSUNG A71,1690
C-SAMA725,PLACA DE CARGA Y MICRÓFONO PARA SAMSUNG A72 / A725,1890
C-SAMA73,PLACA DE CARGA Y MICRÓFONO PARA SAMSUNG A73,1890
C-SAMA82018,PLACA DE CARGA Y MICRÓFONO PARA SAMSUNG A8 2018,1690
C-SAMA80,PLACA DE CARGA Y MICRÓFONO PARA SAMSUNG A80,1490
C-SAMA92018,PLACA DE CARGA Y MICRÓFONO PARA SAMSUNG A9 2018 / 0920F,1790
C-SAMJ3,PLACA DE CARGA Y MICRÓFONO PARA SAMSUNG J3,1490
C-SAMJ4P,PLACA DE CARGA Y MICRÓFONO PARA SAMSUNG J4 PLUS,1400
C-SAMJ5PRIME,PLACA DE CARGA Y MICRÓFONO PARA SAMSUNG J5 PRIME,1500
CJ-SAMJ6,PLACA DE CARGA Y MICRÓFONO PARA SAMSUNG J6 / J8,1790
C-SAMJ6P,PLACA DE CARGA Y MICRÓFONO PARA SAMSUNG J6 PLUS,1800
C-J7PRIME,PLACA DE CARGA Y MICRÓFONO PARA SAMSUNG J7 PRIME,1300
C-SAMM20,PLACA DE CARGA Y MICRÓFONO PARA SAMSUNG M20,1790
C-SAMM30S,PLACA DE CARGA Y MICRÓFONO PARA SAMSUNG M30S,1600
C-SAMM31,PLACA DE CARGA Y MICRÓFONO PARA SAMSUNG M31,1490
C-SAMN10N9,PLACA DE CARGA Y MICRÓFONO PARA SAMSUNG NOTE 10 (N970U),2290
C-SAMN10,PLACA DE CARGA Y MICRÓFONO PARA SAMSUNG NOTE 10 (N971N),2290
C-SAMN10L,PLACA DE CARGA Y MICRÓFONO PARA SAMSUNG NOTE 10 LITE,2290
C-CSAMN10P,PLACA DE CARGA Y MICRÓFONO PARA SAMSUNG NOTE 10 PLUS,2290
C-SAMN20,PLACA DE CARGA Y MICRÓFONO PARA SAMSUNG NOTE 20,2290
C-SAMN20U,PLACA DE CARGA Y MICRÓFONO PARA SAMSUNG NOTE 20 ULTRA,2290
C-SAMNOTE5,PLACA DE CARGA Y MICRÓFONO PARA SAMSUNG NOTE 5,1500
F-SAMN8-950F,PLACA DE CARGA Y MICRÓFONO PARA SAMSUNG NOTE 8 (N950F),1990
F-SAMN8,PLACA DE CARGA Y MICRÓFONO PARA SAMSUNG NOTE 8 (N950U),1990
C-SAMN9,PLACA DE CARGA Y MICRÓFONO PARA SAMSUNG NOTE 9,1990
F-CSAMT3,PLACA DE CARGA Y MICRÓFONO PARA SAMSUNG P5200 / GALAXY TAB 3,1400
C-SAMS10,PLACA DE CARGA Y MICRÓFONO PARA SAMSUNG S10 / S10E / S10 PLUS,1990
C-SAMS10L,PLACA DE CARGA Y MICRÓFONO PARA SAMSUNG S10 LITE,1990
C-SAMS20,PLACA DE CARGA Y MICRÓFONO PARA SAMSUNG S20,2590
C-SAMS20FE4G,PLACA DE CARGA Y MICRÓFONO PARA SAMSUNG S20 FE 4G G780,1990
C-SAMS20FE5G,PLACA DE CARGA Y MICRÓFONO PARA SAMSUNG S20 FE 5G G781B / F,1990
C-SAMS20P,PLACA DE CARGA Y MICRÓFONO PARA SAMSUNG S20 PLUS,2590
C-SAMS20U,PLACA DE CARGA Y MICRÓFONO PARA SAMSUNG S20 ULTRA,2590
C-SAMS21,PLACA DE CARGA Y MICRÓFONO PARA SAMSUNG S21,2590
C-SAM-S21FE,PLACA DE CARGA Y MICROFONO PARA SAMSUNG S21 FE (G990E),2590
C-SAMS21FE,PLACA DE CARGA Y MICRÓFONO PARA SAMSUNG S21 FE (G990F),2590
C-SAMS21P,PLACA DE CARGA Y MICRÓFONO PARA SAMSUNG S21 PLUS,2590
C-SAMS21U,PLACA DE CARGA Y MICRÓFONO PARA SAMSUNG S21 ULTRA,2590
C-SAMS22P,PLACA DE CARGA Y MICRÓFONO PARA SAMSUNG S22 PLUS,2790
C-SAMS22S9,PLACA DE CARGA Y MICRÓFONO PARA SAMSUNG S22 S901B,2790
C-SAMS22U,PLACA DE CARGA Y MICRÓFONO PARA SAMSUNG S22 ULTRA,2790
C-SAMS23,PLACA DE CARGA Y MICRÓFONO PARA SAMSUNG S23,2790
C-SAMS23FE,PLACA DE CARGA Y MICRÓFONO PARA SAMSUNG S23 FE,2990
C-SAMS23P,PLACA DE CARGA Y MICRÓFONO PARA SAMSUNG S23 PLUS,2990
C-SAMS23U,PLACA DE CARGA Y MICRÓFONO PARA SAMSUNG S23 ULTRA,2990
C-SAMS24,PLACA DE CARGA Y MICRÓFONO PARA SAMSUNG S24,2590
C-SAMS24P,PLACA DE CARGA Y MICRÓFONO PARA SAMSUNG S24 PLUS,2590
C-SAMS24U,PLACA DE CARGA Y MICRÓFONO PARA SAMSUNG S24 ULTRA,2590
C-SAMS25,PLACA DE CARGA Y MICRÓFONO PARA SAMSUNG S25,2590
C-SAMS25P,PLACA DE CARGA Y MICRÓFONO PARA SAMSUNG S25 PLUS,2590
C-SAMS25U,PLACA DE CARGA Y MICRÓFONO PARA SAMSUNG S25 ULTRA,2590
F-SAMS5,PLACA DE CARGA Y MICRÓFONO PARA SAMSUNG S5,1990
C-SAMS6,PLACA DE CARGA Y MICRÓFONO PARA SAMSUNG S6,1590
C-SAMS6E,PLACA DE CARGA Y MICRÓFONO PARA SAMSUNG S6 EDGE,1650
C-SAMS6EF,PLACA DE CARGA Y MICRÓFONO PARA SAMSUNG S6 EDGE PLUS,1600
C-SAMS7E,PLACA DE CARGA Y MICRÓFONO PARA SAMSUNG S7 EDGE,1600
F-SAMS8,PLACA DE CARGA Y MICRÓFONO PARA SAMSUNG S8 (G9500),1690
F-SAMS8-950F,PLACA DE CARGA Y MICRÓFONO PARA SAMSUNG S8 (G950F),1690
F-SAMS8-950U,PLACA DE CARGA Y MICRÓFONO PARA SAMSUNG S8 (G950U),1690
C-SAMS8P,PLACA DE CARGA Y MICRÓFONO PARA SAMSUNG S8 PLUS (G955F),1700
F-SAMS9600,PLACA DE CARGA Y MICRÓFONO PARA SAMSUNG S9 G9600,1990
F-SAMS9,PLACA DE CARGA Y MICRÓFONO PARA SAMSUNG S9 G960F,1990
F-SAMS960U,PLACA DE CARGA Y MICRÓFONO PARA SAMSUNG S9 G960U,1990
C-SAMS9P,PLACA DE CARGA Y MICRÓFONO PARA SAMSUNG S9 PLUS (G965F),1990
C-SAMA54,PLACA DE CARGA Y MICRÓFONO PARA SAMSUNG SAMSUNG  A54 5G,1800
C-SONE5,PLACA DE CARGA Y MICRÓFONO PARA SONY E5,1690
F-SONX3P,PLACA DE CARGA Y MICRÓFONO PARA SONY XPERIA X3 PREMIUM,1350
C-TCL10SE,PLACA DE CARGA Y MICRÓFONO PARA TCL 10 SE,1690
C-TCL20SE,PLACA DE CARGA Y MICRÓFONO PARA TCL 20 SE,1890
C-TCL30SE,PLACA DE CARGA Y MICRÓFONO PARA TCL 30SE,1590
F-XIAR12TP,PLACA DE CARGA Y MICRÓFONO PARA XIAOMI 12T/12T PRO,1990
C-XIAMI10T,PLACA DE CARGA Y MICRÓFONO PARA XIAOMI MI 10T 5G,1990
C-XIAMI11L,PLACA DE CARGA Y MICRÓFONO PARA XIAOMI MI 11 LITE,1690
C-XIAM11T,PLACA DE CARGA Y MICRÓFONO PARA XIAOMI MI 11T / 11T PRO,1990
C-XIAMN11T,PLACA DE CARGA Y MICRÓFONO PARA XIAOMI MI 11T 5G,1790
C-XIAM8,PLACA DE CARGA Y MICRÓFONO PARA XIAOMI MI 8,1890
C-XIAM8L,PLACA DE CARGA Y MICRÓFONO PARA XIAOMI MI 8 LITE,1690
C-XIAMI9T,PLACA DE CARGA Y MICRÓFONO PARA XIAOMI MI 9T,1990
C-XIAMIA1,PLACA DE CARGA Y MICRÓFONO PARA XIAOMI MI A1,1450
C-XIAMIA2,PLACA DE CARGA Y MICRÓFONO PARA XIAOMI MI A2,1700
C-XIAM2L,PLACA DE CARGA Y MICRÓFONO PARA XIAOMI MI A2 LITE / REDMI 6 PRO,1590
C-XIAMIA3,PLACA DE CARGA Y MICRÓFONO PARA XIAOMI MI A3,1990
C-XIAMIMIX2,PLACA DE CARGA Y MICRÓFONO PARA XIAOMI MI MIX 2,1590
C-XIAMN10,PLACA DE CARGA Y MICRÓFONO PARA XIAOMI MI NOTE 10,1890
C-XIAMN10L,PLACA DE CARGA Y MICRÓFONO PARA XIAOMI MI NOTE 10 LITE,1890
C-XIARN4,PLACA DE CARGA Y MICRÓFONO PARA XIAOMI NOTE 4,1250
C-XIAN4X,PLACA DE CARGA Y MICRÓFONO PARA XIAOMI NOTE 4X,1590
C-XIAPF3,PLACA DE CARGA Y MICRÓFONO PARA XIAOMI POCO F3,1690
C-XIAPX3,PLACA DE CARGA Y MICRÓFONO PARA XIAOMI POCO X3 / X3 PRO,1790
C-XIAMF1,PLACA DE CARGA Y MICRÓFONO PARA XIAOMI POCOPHONE F1,1790
C-XIAR10,PLACA DE CARGA Y MICRÓFONO PARA XIAOMI REDMI 10,1500
C-XIAR10C,PLACA DE CARGA Y MICRÓFONO PARA XIAOMI REDMI 10C,1790
C-XIAR12,PLACA DE CARGA Y MICROFONO PARA XIAOMI REDMI 12 5G,1590
C-XIAR12C,PLACA DE CARGA Y MICRÓFONO PARA XIAOMI REDMI 12C,1400
C-XIAR13C,PLACA DE CARGA Y MICRÓFONO PARA XIAOMI REDMI 13C,1690
C-XIAR4X,PLACA DE CARGA Y MICRÓFONO PARA XIAOMI REDMI 4X,1400
C-XIR5PL,PLACA DE CARGA Y MICRÓFONO PARA XIAOMI REDMI 5 PLUS (MEG7),1400
C-XIAR6A,PLACA DE CARGA Y MICRÓFONO PARA XIAOMI REDMI 6 / 6A,1400
F-XIAR6A,PLACA DE CARGA Y MICRÓFONO PARA XIAOMI REDMI 6A,1490
C-XIARED7,PLACA DE CARGA Y MICRÓFONO PARA XIAOMI REDMI 7,1690
C-XIAR7A,PLACA DE CARGA Y MICRÓFONO PARA XIAOMI REDMI 7A,1450
C-XIAR8,PLACA DE CARGA Y MICRÓFONO PARA XIAOMI REDMI 8 /8A,1690
C-XIAR9,PLACA DE CARGA Y MICRÓFONO PARA XIAOMI REDMI 9,1500
C-XIAR9A,PLACA DE CARGA Y MICRÓFONO PARA XIAOMI REDMI 9A / 10A,1400
C-XIA9C,PLACA DE CARGA Y MICRÓFONO PARA XIAOMI REDMI 9C,1400
C-XIAR9T,PLACA DE CARGA Y MICRÓFONO PARA XIAOMI REDMI 9T,1600
PC-XIARA1-A2,PLACA DE CARGA Y MICRÓFONO PARA XIAOMI REDMI A1 / A2,1400
C-XIARA3,PLACA DE CARGA Y MICROFONO PARA XIAOMI REDMI A3,1690
C-XIAREDA5,PLACA DE CARGA Y MICRÓFONO PARA XIAOMI REDMI A5,1690
C-XIAREDK50,PLACA DE CARGA Y MICRÓFONO PARA XIAOMI REDMI K50,1990
C-XIARN10,PLACA DE CARGA Y MICRÓFONO PARA XIAOMI REDMI NOTE 10 / NOTE 10S,1790
C-XIARN105G,PLACA DE CARGA Y MICRÓFONO PARA XIAOMI REDMI NOTE 10 5G,1600
C-XIARN10P,PLACA DE CARGA Y MICRÓFONO PARA XIAOMI REDMI NOTE 10 PRO,1790
C-XIARN11,PLACA DE CARGA Y MICRÓFONO PARA XIAOMI REDMI NOTE 11 4G,1600
C-XIARN11P5G,PLACA DE CARGA Y MICRÓFONO PARA XIAOMI REDMI NOTE 11 PRO 5G,1690
C-XIARN11S5G,PLACA DE CARGA Y MICRÓFONO PARA XIAOMI REDMI NOTE 11S 5G,1600
C-XIARN125G,PLACA DE CARGA Y MICRÓFONO PARA XIAOMI REDMI NOTE 12 5G,1690
C-XIARN12P5G,PLACA DE CARGA Y MICRÓFONO PARA XIAOMI REDMI NOTE 12 PRO 5G,1890
C-XIARN12S,PLACA DE CARGA Y MICRÓFONO PARA XIAOMI REDMI NOTE 12S,1690
C-XIARN13-4G,PLACA DE CARGA Y MICRÓFONO PARA XIAOMI REDMI NOTE 13 4G,1890
C-XIARN13-5G,PLACA DE CARGA Y MICRÓFONO PARA XIAOMI REDMI NOTE 13 5G,1890
C-XIARN3P,PLACA DE CARGA Y MICRÓFONO PARA XIAOMI REDMI NOTE 3 PRO,1300
C-XIARN5,PLACA DE CARGA Y MICRÓFONO PARA XIAOMI REDMI NOTE 5,1690
C-XIAN5P,PLACA DE CARGA Y MICRÓFONO PARA XIAOMI REDMI NOTE 5 PLUS,1690
C-REDN5AP,PLACA DE CARGA Y MICRÓFONO PARA XIAOMI REDMI NOTE 5A / PRIME,1200
C-XIARN7,PLACA DE CARGA Y MICRÓFONO PARA XIAOMI REDMI NOTE 7 / 7 PRO,1690
C-XIARN8,PLACA DE CARGA Y MICRÓFONO PARA XIAOMI REDMI NOTE 8,1690
C-XIARN8P,PLACA DE CARGA Y MICRÓFONO PARA XIAOMI REDMI NOTE 8 PRO,1690
C-XIARN8T,PLACA DE CARGA Y MICRÓFONO PARA XIAOMI REDMI NOTE 8T,1890
C-XIARN9,PLACA DE CARGA Y MICRÓFONO PARA XIAOMI REDMI NOTE 9,1500
C-XIARN9P,PLACA DE CARGA Y MICRÓFONO PARA XIAOMI REDMI NOTE 9 PRO,1500
C-XIARN9S,PLACA DE CARGA Y MICRÓFONO PARA XIAOMI REDMI NOTE 9S,1500
C-XIAS2,PLACA DE CARGA Y MICRÓFONO PARA XIAOMI REDMI S2,1400
C-ZTEBLA51,PLACA DE CARGA Y MICRÓFONO PARA ZTE BLADE A51,1400
C-ZTEBLA53,PLACA DE CARGA Y MICRÓFONO PARA ZTE BLADE A53,1950
C-ZTEBLA53+,PLACA DE CARGA Y MICROFONO PARA ZTE BLADE A53+,1690
C-ZTEBLA71,PLACA DE CARGA Y MICRÓFONO PARA ZTE BLADE A71,1590
T-HON200L,TAPA HONOR 200 LITE LLY-NX1 NEGRO,990
T-HONX8-N,TAPA HONOR X8 NEGRO,990
T-HUAH8X-A,TAPA HUAWEI HONOR 8X AZUL,990
T-HUAH8X-N,TAPA HUAWEI HONOR 8X NEGRO,990
T-HUAH8X-R,TAPA HUAWEI HONOR 8X ROJO,990
T-HUAH8X-ROS,TAPA HUAWEI HONOR 8X ROSADO LILA,990
T-HUAHX8A-AZ,TAPA HUAWEI HONOR X8A AZUL,990
T-HUAM20-A,TAPA HUAWEI MATE 20 AZUL,990
T-HUAM20L-A,TAPA HUAWEI MATE 20 LITE AZUL,990
T-HUAM20L-D,TAPA HUAWEI MATE 20 LITE DORADO,990
T-HUAM20L-N,TAPA HUAWEI MATE 20 LITE NEGRO,990
T-HUAM20-N,TAPA HUAWEI MATE 20 NEGRO,990
T-HUAM20P-A,TAPA HUAWEI MATE 20 PRO AZUL,990
T-HUAM20P-N,TAPA HUAWEI MATE 20 PRO NEGRO,990
T-HUAM20P-T,TAPA HUAWEI MATE 20 PRO TWILIGHT,990
T-HUAM20P-V,TAPA HUAWEI MATE 20 PRO VERDE,990
T-HUAN10,TAPA HUAWEI NOVA 10 NEGRO,1200
T-HUANOVA5T-A,TAPA HUAWEI NOVA 5T AZUL,990
T-HUANOVA5T-N,TAPA HUAWEI NOVA 5T NEGRO,1290
T-HUANOVA5T-V,TAPA HUAWEI NOVA 5T VIOLETA,990
T-HUAPS19-N,TAPA HUAWEI P SMART 2019 NEGRO,990
T-HUAP10L-N,TAPA HUAWEI P10 LITE NEGRO,990
T-HUAP20-AU,TAPA HUAWEI P20 AURORA,990
T-HUAP20-D,TAPA HUAWEI P20 DORADO,990
T-HUAP20L-A,TAPA HUAWEI P20 LITE AZUL,990
T-HUAP20L-D,TAPA HUAWEI P20 LITE DORADO,990
T-HUAP20L-N,TAPA HUAWEI P20 LITE NEGRO,990
T-HUAP20-N,TAPA HUAWEI P20 NEGRO,990
T-HUAP20P,TAPA HUAWEI P20 PRO AURORA,990
T-HUAP20P-N,TAPA HUAWEI P20 PRO NEGRO,990
T-HUAP30L24M-A,TAPA HUAWEI P30 LITE 24M AZUL,990
T-HUAP30L24M-N,TAPA HUAWEI P30 LITE 24M NEGRO,990
T-HUAP30L48M-A,TAPA HUAWEI P30 LITE 48M AZUL,990
T-HUAP30L48M-N,TAPA HUAWEI P30 LITE 48M NEGRO,990
T-HUAP30L-A,TAPA HUAWEI P30 LITE AZUL,990
T-HUAP30,TAPA HUAWEI P30 NEGRA,990
T-HUAP30P-A,TAPA HUAWEI P30 PRO AZUL,990
T-HUAP30P-N,TAPA HUAWEI P30 PRO NEGRA,990
T-HUAY62019-N,TAPA HUAWEI Y6 2019 NEGRA,990
T-HUAY92019-AU,TAPA HUAWEI Y9 2019 AURORA,990
T-HUAY92019-A,TAPA HUAWEI Y9 2019 AZUL,990
T-HUAY92019-N,TAPA HUAWEI Y9 2019 NEGRO,990
T-HUAY9S-A,TAPA HUAWEI Y9S AZUL,990
T-HUAY9S-N,TAPA HUAWEI Y9S NEGRA,990
T-IPH11-A,TAPA IPHONE 11 AMARILLO,2500
T-IPH11-B,TAPA IPHONE 11 BLANCO,2500
T-IPH11-N,TAPA IPHONE 11 NEGRO,2500
T-IPH11P-B,TAPA IPHONE 11 PRO BLANCA,2500
T-IPH11P-D,TAPA IPHONE 11 PRO DORADA,2500
T-IPH11PM-B,TAPA IPHONE 11 PRO MAX BLANCO,2500
T-IPH11PM-D,TAPA IPHONE 11 PRO MAX DORADO,2500
T-IPH11PM-N,TAPA IPHONE 11 PRO MAX NEGRO,2500
T-IPH11PM-VO,TAPA IPHONE 11 PRO MAX VERDE OSCURO,2500
T-IPH11P-N,TAPA IPHONE 11 PRO NEGRO,2500
T-IPH11P-VO,TAPA IPHONE 11 PRO VERDE OSCURO,2500
T-IPH11-L,TAPA IPHONE 11 PURPURA,2500
T-IPH11-R,TAPA IPHONE 11 ROJO,2500
T-IPH11-V,TAPA IPHONE 11 VERDE,2500
T-IPH12-AZ,TAPA IPHONE 12 AZUL,3000
T-IPH12-B,TAPA IPHONE 12 BLANCO,3000
T-IPH12M-AZ,TAPA IPHONE 12 MINI AZUL,3000
T-IPH12M-B,TAPA IPHONE 12 MINI BLANCO,3000
T-IPH12M-N,TAPA IPHONE 12 MINI NEGRO,3000
T-IPH12M-V,TAPA IPHONE 12 MINI VIOLETA,3000
T-IPH12-N,TAPA IPHONE 12 NEGRO,3000
T-IPH12P-A,TAPA IPHONE 12 PRO AZUL,3000
T-IPH12P-G,TAPA IPHONE 12 PRO GOLD,3000
T-IPH12P-N,TAPA IPHONE 12 PRO GRAFITO,3000
T-IPH12PMX-AP,TAPA IPHONE 12 PRO MAX AZUL PACIFICO,3000
T-IPH12PM-G,TAPA IPHONE 12 PRO MAX GOLD,3000
T-IPH12PMAX-GRA,TAPA IPHONE 12 PRO MAX GRAFITO,3000
T-IPH12PM-S,TAPA IPHONE 12 PRO MAX SILVER - BLANCA,3000
T-IPH12P-S,TAPA IPHONE 12 PRO SILVER - BLANCA,3000
T-IPH12-P,TAPA IPHONE 12 PURPURA,3000
T-1PH12-R,TAPA IPHONE 12 ROJO,3000
T-IPH12-V,TAPA IPHONE 12 VERDE,3000
T-IPH13-A,TAPA IPHONE 13 AZUL,3500
T-IPH13-B,TAPA IPHONE 13 BLANCO,3500
T-IPH13M-A,TAPA IPHONE 13 MINI AZUL,3500
T-IPH13M-B,TAPA IPHONE 13 MINI BLANCO,3500
T-IPH13M-N,TAPA IPHONE 13 MINI NEGRO,3500
T-IPH13M-R,TAPA IPHONE 13 MINI ROJO,3500
T-IPH13M-ROS,TAPA IPHONE 13 MINI ROSADO,3500
T-IPH13-N,TAPA IPHONE 13 NEGRO,3500
T-IPH13P-A,TAPA IPHONE 13 PRO AZUL ALPINO,3500
T-IPH13P-O,TAPA IPHONE 13 PRO DORADO,3500
T-IPH13P-G,TAPA IPHONE 13 PRO GRAFITO,3500
T-IPH13PM-A,TAPA IPHONE 13 PRO MAX AZUL ALPINO,3500
T-IPH13PM-O,TAPA IPHONE 13 PRO MAX DORADO,3500
T-IPH13PM-G,TAPA IPHONE 13 PRO MAX GRAFITO,3500
T-IPH13PM-P,TAPA IPHONE 13 PRO MAX PLATA,3500
T-IPH13PM-VA,TAPA IPHONE 13 PRO MAX VERDE ALPINO,3500
T-IPH13P-P,TAPA IPHONE 13 PRO PLATA,3500
T-IPH13-R,TAPA IPHONE 13 ROJO,3500
T-IPH13-ROS,TAPA IPHONE 13 ROSADO,3500
T-IPH14-A,TAPA IPHONE 14 AZUL,5000
T-IPH14-B,TAPA IPHONE 14 BLANCA,5000
T-IPH14-N,TAPA IPHONE 14 NEGRA,5000
T-IPH14P-A,TAPA IPHONE 14 PLUS AZUL,5000
T-IPH14P-B,TAPA IPHONE 14 PLUS BLANCA,5000
T-IPH14P-N,TAPA IPHONE 14 PLUS NEGRA,5000
T-IPH14P-P,TAPA IPHONE 14 PLUS PURPURA,5000
T-IPH14P-R,TAPA IPHONE 14 PLUS ROJA,5000
T-IPH14PRO-B,TAPA IPHONE 14 PRO  BLANCA,5000
T-IPH14PRO-D,TAPA IPHONE 14 PRO DORADA,5000
T-IPH14PM-B,TAPA IPHONE 14 PRO MAX BLANCA,5000
T-IPH14PM-D,TAPA IPHONE 14 PRO MAX DORADA,5000
T-IPH14PM-N,TAPA IPHONE 14 PRO MAX NEGRA,5000
T-IPH14PM-P,TAPA IPHONE 14 PRO MAX PURPURA,5000
T-IPH14PRO-N,TAPA IPHONE 14 PRO NEGRA,5000
T-IPH14PRO-P,TAPA IPHONE 14 PRO PURPURA,5000
T-IPH14-P,TAPA IPHONE 14 PURPURA,5000
T-IPH14-R,TAPA IPHONE 14 ROJA,5000
T-IPH14ROS,TAPA IPHONE 14 ROSADA,5000
T-IPH15-AM,TAPA IPHONE 15 AMARILLO,4500
T-IPH15-A,TAPA IPHONE 15 AZUL,4500
T-IPH15-N,TAPA IPHONE 15 NEGRA,4500
T-IPH15P-AM,TAPA IPHONE 15 PLUS AMARILLO,4500
T-IPH15P-B,TAPA IPHONE 15 PLUS BLANCO,4500
T-IPH15P-N,TAPA IPHONE 15 PLUS NEGRA,4500
T-IPH15P-R,TAPA IPHONE 15 PLUS ROSADO,4500
T-IPH15P-V,TAPA IPHONE 15 PLUS VERDE,4500
T-IPH15PR-A,TAPA IPHONE 15 PRO AZUL,4500
T-IPH15PR-B,TAPA IPHONE 15 PRO BLANCO,4500
T-IPH15PRM-A,TAPA IPHONE 15 PRO MAX AZUL,4500
T-IPH15PRM-B,TAPA IPHONE 15 PRO MAX BLANCO,4500
T-IPH15PRM-N,TAPA IPHONE 15 PRO MAX NEGRO,4500
T-IPH15PRM-S,TAPA IPHONE 15 PRO MAX SILVER,4500
T-IPH15PR-N,TAPA IPHONE 15 PRO NEGRO,4500
T-IPH15PR-S,TAPA IPHONE 15 PRO SILVER,4500
T-IPH15-R,TAPA IPHONE 15 ROSADO,4500
T-IPH15-V,TAPA IPHONE 15 VERDE,4500
T-IPH16-B,TAPA IPHONE 16 BLANCA,5000
T-IPH16-N,TAPA IPHONE 16 NEGRA,5000
T-IPH16P-B,TAPA IPHONE 16 PLUS BLANCO,5000
T-IPH16P-N,TAPA IPHONE 16 PLUS NEGRA,5000
T-IPH16P-R,TAPA IPHONE 16 PLUS ROSADA,5000
T-IPH16P-T,TAPA IPHONE 16 PLUS TEAL,5000
T-IPH16P-V,TAPA IPHONE 16 PLUS VIOLETA,5000
T-IPH16PR-B,TAPA IPHONE 16 PRO BLANCO,5000
T-IPH16PR-D,TAPA IPHONE 16 PRO DORADO,5000
T-IPH16PR-G,TAPA IPHONE 16 PRO GRIS,5000
T-IPH16PM-B,TAPA IPHONE 16 PRO MAX BLANCO,5000
T-IPH16PM-D,TAPA IPHONE 16 PRO MAX DORADO,5000
T-IPH16PM-NA,TAPA IPHONE 16 PRO MAX NATURAL,5000
T-IPH16PM-N,TAPA IPHONE 16 PRO MAX NEGRO,5000
T-IPH16PR-N,TAPA IPHONE 16 PRO NEGRO,5000
T-IPH16-R,TAPA IPHONE 16 ROSADO,5000
T-IPH16-T,TAPA IPHONE 16 TEAL,5000
T-IPH16-V,TAPA IPHONE 16 VIOLETA,5000
T-IPH4-B,TAPA IPHONE 4 BLANCA,1500
T-IPH4-N,TAPA IPHONE 4 NEGRA,1500
T-IPH8-B,TAPA IPHONE 8 BLANCO,1980
T-IPH8-D,TAPA IPHONE 8 DORADO,1980
T-IPH8-N,TAPA IPHONE 8 NEGRA,1980
T-IPH8P-B,TAPA IPHONE 8 PLUS BLANCO,1990
T-IPH8P-D,TAPA IPHONE 8 PLUS DORADA,1990
T-IPH8P-N,TAPA IPHONE 8 PLUS NEGRA,1990
T-IPH8P-R,TAPA IPHONE 8 PLUS ROJO,1990
T-IPH8-R,TAPA IPHONE 8 ROJO,1980
T-IPHSE-N,TAPA IPHONE SE 2020 NEGRA,1980
T-IPHXS-B,TAPA IPHONE X / XS BLANCO,2190
T-IPHXS-D,TAPA IPHONE X / XS DORADO,2190
T-IPHXS-N,TAPA IPHONE X / XS NEGRO,2190
T-IPHXR-A,TAPA IPHONE XR AMARILLO,2190
T-IPHXR-AZ,TAPA IPHONE XR AZUL CELESTE,2190
T-IPHXR-B,TAPA IPHONE XR BLANCO,2190
T-IPHXR-NA,TAPA IPHONE XR NARANJA,2190
T-IPHXR-N,TAPA IPHONE XR NEGRO,2190
T-IPHXR-R,TAPA IPHONE XR ROJO,2190
T-IPHXSM-B,TAPA IPHONE XS MAX BLANCO,2190
T-IPHXSM-D,TAPA IPHONE XS MAX DORADO,2190
T-IPHXSM-N,TAPA IPHONE XS MAX NEGRO,2190
T-MOTOG100-A,TAPA MOTOROLA G100 AZUL,990
T-MOTG20-N,TAPA MOTOROLA G20 NEGRO,990
T-MOTG7-N,TAPA MOTOROLA G7 NEGRO,990
T-MOTG9PLUS,TAPA MOTOROLA G9 PLUS,990
T-NOK5.1P-N,TAPA NOKIA 5.1 PLUS NEGRO,990
11467,TAPA REDMI NOTE 13 PRO NEGRA,990
T-SAMA02S-N,TAPA SAMSUNG A02S NEGRA,990
T-SAMA03C-A,TAPA SAMSUNG A03 CORE / A032 AZUL,990
T-SAMA032-N,TAPA SAMSUNG A03 CORE / A032 NEGRA,990
T-SAMA055-B,TAPA SAMSUNG A055 BLANCA,990
T-SAMA10,TAPA SAMSUNG A10 NEGRA,990
T-SAMA10S-A,TAPA SAMSUNG A10S AZUL,990
T-SAMA11,TAPA SAMSUNG A11 NEGRA,990
T-SAMA12,TAPA SAMSUNG A12 / A125 / A127 AZUL,990
T-SAMA21S-B,TAPA SAMSUNG A21S BLANCA,990
T-SAMA225-N,TAPA SAMSUNG A225 NEGRA,990
T-SAMA225-V,TAPA SAMSUNG A225 VERDE,990
T-SAMA226-N,TAPA SAMSUNG A226 NEGRO C/LENS,990
T-SAMA23-N,TAPA SAMSUNG A23 NEGRA,990
T-SAMA30S,TAPA SAMSUNG A30S NEGRO,990
T-SAMA31-B,TAPA SAMSUNG A31 BLANCA,1200
T-SAMA32-N,TAPA SAMSUNG A32 NEGRA,990
T-SAMA33-B,TAPA SAMSUNG A33 BLANCO,990
T-SAMA33-N,TAPA SAMSUNG A33 NEGRO,990
T-BATSAMA34,TAPA SAMSUNG A34 VERDE,1200
T-SAMA52016-B,TAPA SAMSUNG A5 2016 BLANCO,990
T-SAMA52016-D,TAPA SAMSUNG A5 2016 DORADO,990
T-SAMA52016-N,TAPA SAMSUNG A5 2016 NEGRO,990
T-SAMA52017-A,TAPA SAMSUNG A5 2017 AZUL,990
T-SAMA52017-D,TAPA SAMSUNG A5 2017 DORADO,990
T-SAMA50,TAPA SAMSUNG A50 NEGRO,990
T-SAMA51-N,TAPA SAMSUNG A51 NEGRA,990
T-SAMA52-N,TAPA SAMSUNG A52 NEGRA,990
T-SAMA52-V,TAPA SAMSUNG A52 VIOLETA,990
T-SAMA53-N,TAPA SAMSUNG A53 5G NEGRA,990
T-SAMA55-AO,TAPA SAMSUNG A55 AZUL OSCURO,990
T-SAMA72018-N,TAPA SAMSUNG A7 2018 NEGRO,1500
T-SAMA82018-N,TAPA SAMSUNG A8 2018 NEGRO,990
T-SAMA90-AZ,TAPA SAMSUNG GALAXY A90 AZUL,990
T-SAMA90-B,TAPA SAMSUNG GALAXY A90 BLANCO,990
T-SAMA90-N,TAPA SAMSUNG GALAXY A90 NEGRO,990
T-SAMJ6,TAPA SAMSUNG J6 NEGRO,990
T-SAMM31-N,TAPA SAMSUNG M31 NEGRO,990
T-SAMN10-A,TAPA SAMSUNG NOTE 10 AZUL,990
T-SAMN10-AO,TAPA SAMSUNG NOTE 10 AZUL OSCURO,990
T-SAMN10-B,TAPA SAMSUNG NOTE 10 BLANCO,990
T-SAMN10-N,TAPA SAMSUNG NOTE 10 NEGRO,990
T-SAMN10-P,TAPA SAMSUNG NOTE 10 PLATEADO,990
T-SAMN10P-A,TAPA SAMSUNG NOTE 10 PLUS AZUL,990
T-SAMN10P-B,TAPA SAMSUNG NOTE 10 PLUS BLANCO,990
T-SAMN10P-N,TAPA SAMSUNG NOTE 10 PLUS NEGRO,990
T-SAMN10P-R,TAPA SAMSUNG NOTE 10 PLUS ROSA,990
T-SAMN10-RO,TAPA SAMSUNG NOTE 10 ROJO,990
T-SAMN10-R,TAPA SAMSUNG NOTE 10 ROSADO,990
T-SAMN20-B,TAPA SAMSUNG NOTE 20 BRONCE,990
T-SAMN20-P,TAPA SAMSUNG NOTE 20 PLATEADO / NEGRO,990
T-SAMN20U-B,TAPA SAMSUNG NOTE 20 ULTRA BRONCE(SIN LENS),990
T-SAMN20U-BC/L,TAPA SAMSUNG NOTE 20 ULTRA C/LENS BLANCO,990
T-SAMN20U-N-C/L,TAPA SAMSUNG NOTE 20 ULTRA NEGRO C/LENS,1890
T-SAMN20U-N,TAPA SAMSUNG NOTE 20 ULTRA NEGRO(SIN LENS),990
T-SAMN20U-V,TAPA SAMSUNG NOTE 20 ULTRA VERDE(SIN LENS),990
T-SAMN20-V,TAPA SAMSUNG NOTE 20 VERDE,990
T-SAMN5-A,TAPA SAMSUNG NOTE 5 AZUL,990
T-SAMN5-B,TAPA SAMSUNG NOTE 5 BLANCA,990
T-SAMN8-A,TAPA SAMSUNG NOTE 8 AZUL,990
T-SAMN8-N,TAPA SAMSUNG NOTE 8 NEGRO,990
T-SAMN8-P,TAPA SAMSUNG NOTE 8 PLATEADO,990
T-SAMN9-A,TAPA SAMSUNG NOTE 9 AZUL,1390
T-SAMN9-N,TAPA SAMSUNG NOTE 9 NEGRO,1390
T-SAMN9-R,TAPA SAMSUNG NOTE 9 ROSADO,1390
T-SAMS10-B,TAPA SAMSUNG S10 BLANCO,990
T-SAMS10-A,TAPA SAMSUNG S10 CELESTE,990
T-SAMS10-NA,TAPA SAMSUNG S10 NARANJA,990
T-SAMS10-N,TAPA SAMSUNG S10 NEGRO,990
T-SAMS10P-B,TAPA SAMSUNG S10 PLUS BLANCO,990
T-SAMS10P-NA,TAPA SAMSUNG S10 PLUS NARANJA,990
T-SAMS10P-N,TAPA SAMSUNG S10 PLUS NEGRO,990
T-SAMS10P-VE,TAPA SAMSUNG S10 PLUS VERDE,990
T-SAMS10-V,TAPA SAMSUNG S10 VERDE,990
T-SAMS10E-N,TAPA SAMSUNG S10E NEGRO,990
T-SAMS10E-V,TAPA SAMSUNG S10E VERDE,990
T-SAMS20-B,TAPA SAMSUNG S20 BLANCO,990
T-SAMS20-C,TAPA SAMSUNG S20 CELESTE,990
T-SAMS20FE-PL,TAPA SAMSUNG S20 FE BLANCO PLATA,990
T-SAMS20FE-N,TAPA SAMSUNG S20 FE NEGRO,990
T-SAMS20FE-R,TAPA SAMSUNG S20 FE ROJO,990
T-SAMS20FE-P,TAPA SAMSUNG S20 FE ROSA PURPURA,990
T-SAMS20FE-V,TAPA SAMSUNG S20 FE VERDE,990
T-SAMS20-G,TAPA SAMSUNG S20 GRIS,990
T-SAMS20-N,TAPA SAMSUNG S20 NEGRO,990
T-SAMS20-P,TAPA SAMSUNG S20 PLATEADO,990
T-SAMS20P-B,TAPA SAMSUNG S20 PLUS BLANCO,990
T-SAMS20P-C,TAPA SAMSUNG S20 PLUS CELESTE,990
T-SAMS20P-N,TAPA SAMSUNG S20 PLUS NEGRO,990
T-SAMS20P-P,TAPA SAMSUNG S20 PLUS PLATEADO,990
T-SAMS20P-R,TAPA SAMSUNG S20 PLUS ROJO,990
T-SAMS20P-RO,TAPA SAMSUNG S20 PLUS ROSADO,990
T-SAMS20U-A,TAPA SAMSUNG S20 ULTRA AZUL CELESTE,990
T-SAMS20U-B,TAPA SAMSUNG S20 ULTRA BLANCO,990
T-SAMS20U-N,TAPA SAMSUNG S20 ULTRA NEGRO,990
T-SAMS20U-R,TAPA SAMSUNG S20 ULTRA ROSADO,990
T-SAMS21-B,TAPA SAMSUNG S21 BLANCO,990
T-SAMS21FE-B,TAPA SAMSUNG S21 FE BLANCO,1200
T-SAMS21FE-N,TAPA SAMSUNG S21 FE NEGRO,990
T-SAMS21-N,TAPA SAMSUNG S21 NEGRO,990
T-SAMS21P-N,TAPA SAMSUNG S21 PLUS NEGRA,990
T-SAMS21P-R,TAPA SAMSUNG S21 PLUS ROJO,990
T-SAMS21-R,TAPA SAMSUNG S21 ROSADO,990
T-SAMS21U-N,TAPA SAMSUNG S21 ULTRA NEGRA,990
T-SAMS21U-P,TAPA SAMSUNG S21 ULTRA PLATEADA,990
T-SAMS21-V,TAPA SAMSUNG S21 VIOLETA,990
T-SAMS22-B,TAPA SAMSUNG S22 BLANCA,990
T-SAMS22-N,TAPA SAMSUNG S22 NEGRA,1490
T-SAMS22P-N,TAPA SAMSUNG S22 PLUS NEGRA,990
T-SAMS22U-B,TAPA SAMSUNG S22 ULTRA BLANCA,1590
T-SAMS22U-BO,TAPA SAMSUNG S22 ULTRA BORDO,1390
T-SAMS22U-N,TAPA SAMSUNG S22 ULTRA NEGRA,1590
T-SAMS23F-N,TAPA SAMSUNG S23 FE NEGRA,1290
T-SAMS23P-N,TAPA SAMSUNG S23 PLUS NEGRA,1290
T-SAMS23U-N,TAPA SAMSUNG S23 ULTRA NEGRO,1590
T-SAMS24U-N,TAPA SAMSUNG S24 ULTRA NEGRO,1990
T-SAMS6E-B,TAPA SAMSUNG S6 EDGE BLANCO,990
T-SAMS6E-D,TAPA SAMSUNG S6 EDGE DORADO,990
T-SAMS7E-D,TAPA SAMSUNG S7 EDGE DORADO,990
T-SAMS7E-N,TAPA SAMSUNG S7 EDGE NEGRO,990
T-SAMS7E-P,TAPA SAMSUNG S7 EDGE PLATEADO,990
T-SAMS7F-A,TAPA SAMSUNG S7 FLAT AZUL,990
T-SAMS7F-B,TAPA SAMSUNG S7 FLAT BLANCO,990
T-SAMS7-N,TAPA SAMSUNG S7 NEGRO,990
T-SAMS8-A,TAPA SAMSUNG S8 AZUL,990
T-SAMS8-N,TAPA SAMSUNG S8 NEGRA,990
T-SAMS8,TAPA SAMSUNG S8 PLATEADO,990
T-SAMS8P-A,TAPA SAMSUNG S8 PLUS AZUL,990
T-SAMS8P-N,TAPA SAMSUNG S8 PLUS NEGRO,990
T-SAMS8P-PL,TAPA SAMSUNG S8 PLUS PLATEADO,990
T-SAMS8P-P,TAPA SAMSUNG S8 PLUS PURPURA,990
T-SAMS9-A,TAPA SAMSUNG S9 AZUL,990
T-SAMS9-N,TAPA SAMSUNG S9 NEGRO,990
T-SAMS9P-A,TAPA SAMSUNG S9 PLUS AZUL,990
T-SAMS9P-N,TAPA SAMSUNG S9 PLUS NEGRA,990
T-SAMS9P-P,TAPA SAMSUNG S9 PLUS PURPURA,990
T-SAMS9,TAPA SAMSUNG S9 PURPURA,990
T-SONXPM5-B,TAPA SONY XPERIA M5 BLANCA,990
T-SONXM5-N,TAPA SONY XPERIA M5 NEGRA,990
T-SONXPX-B,TAPA SONY XPERIA X F5121 / F5122 BLANCA,990
T-SONXPX-N,TAPA SONY XPERIA X F5121 / F5122 NEGRA,990
T-SONZ2,TAPA SONY XPERIA Z2 BLANCA,990
12007,TAPA TRASERA MOTOROLA E22,990
T-XIAM1OT-N,TAPA XIAOMI MI 10T NEGRA,990
T-XIAMI11L-N,TAPA XIAOMI MI 11 LITE NEGRO,990
T-XIAMI11TP-N,TAPA XIAOMI MI 11T PRO NEGRO,990
T-XIAMI8L-A,TAPA XIAOMI MI 8 LITE AZUL,990
T-XIAMI8L-N,TAPA XIAOMI MI 8 LITE/ C/LENS DE CAMARA NEGRO,990
T-XIAMI8,TAPA XIAOMI MI 8 NEGRO,990
T-XIAMI8P-N,TAPA XIAOMI MI 8 PRO NEGRA,990
T-XIAMI9-N,TAPA XIAOMI MI 9 NEGRA,990
T-XIAM9SE-N,TAPA XIAOMI MI 9 SE NEGRA,990
T-XIAM9T-A,TAPA XIAOMI MI 9T AZUL,990
T-XIAM9T-R,TAPA XIAOMI MI 9T ROJO,990
T-XIAMIA3-A,TAPA XIAOMI MI A3 AZUL,990
T-BATXIAMMIX2,TAPA XIAOMI MI MIX 2,2600
T-XIAMIN10L-A,TAPA XIAOMI MI NOTE 10 LITE AZUL,1290
T-XIAN8P-B,TAPA XIAOMI NOTE 8 PRO BLANCA,990
T-XIAN8P-N,TAPA XIAOMI NOTE 8 PRO NEGRO,990
T-XIAN8P-V,TAPA XIAOMI NOTE 8 PRO VERDE,990
T-XIAR10,TAPA XIAOMI REDMI 10 NEGRA (21061119AG / 21061119AL),990
T-XIA10C,TAPA XIAOMI REDMI 10C NEGRO,990
T-XIAR12,TAPA XIAOMI REDMI 12 NEGRA,990
T-XIAR12T,TAPA XIAOMI REDMI 12T NEGRA,1200
T-XIAR6,TAPA XIAOMI REDMI 6 NEGRA,1590
T-XIAR7N,TAPA XIAOMI REDMI 7 NEGRA,990
T-XIAR8N,TAPA XIAOMI REDMI 8 NEGRA,990
T-XIAR9-V,TAPA XIAOMI REDMI 9 VERDE,990
T-XIAR9A-A,TAPA XIAOMI REDMI 9A AZUL,990
T-XIAR9A-N,TAPA XIAOMI REDMI 9A NEGRA,990
T-XCIAR9A-V,TAPA XIAOMI REDMI 9A VERDE,990
T-XIAR9C-N,TAPA XIAOMI REDMI 9C NEGRA,990
TB-XIARA3,TAPA XIAOMI REDMI A3,1200
T-XIARN10P,TAPA XIAOMI REDMI NOTE 10 PRO NEGRA,990
T-XIARN11-B,TAPA XIAOMI REDMI NOTE 11 BLANCA,990
T-XIARN11P-N,TAPA XIAOMI REDMI NOTE 11 PRO 5G NEGRA,1200
T-XIARN11S-N,TAPA XIAOMI REDMI NOTE 11S 5G NEGRO,990
T-XIARN12P-N,TAPA XIAOMI REDMI NOTE 12 PRO 5G NEGRO,1590
T-XIARN12S-N,TAPA XIAOMI REDMI NOTE 12S NEGRA,990
T-XIARN7-N,TAPA XIAOMI REDMI NOTE 7 NEGRO,990
T-XIARN8-C,TAPA XIAOMI REDMI NOTE 8 CELESTE,990
T-XIARN8-N,TAPA XIAOMI REDMI NOTE 8 NEGRA,990
T-XIANOTE9PRO-A,TAPA XIAOMI REDMI NOTE 9 PRO AZUL,990
T-REDNOT9,TAPA XIAOMI REDMI NOTE 9 VERDE,990
T-XIARN9S-A,TAPA XIAOMI REDMI NOTE 9S AZUL,990
T-XIARN9SP-A,TAPA XIAOMI REDMI NOTE 9S PRO AZUL,990
T-IPADA1395,TOUCH IPAD 2 - A1395 / A1396 / A1397,2990
T-IPAD3-B,TOUCH IPAD 3 / 4 BLANCO - A1403 / A1416 / A1430 / A1458 / A1459 / A1460,2990
T-IPAD3-N,TOUCH IPAD 3 / 4 NEGRO - A1403 / A1416 / A1430 / A1458 / A1459 / A1460,2990
T-IPAA1474,TOUCH IPAD 5 (A1822 / A1823) - IPAD AIR (A1474 / A1475) BLANCO FLEX EN L,2990
T-A1822,TOUCH IPAD 5 (A1822 / A1823) - IPAD AIR (A1474 / A1475) NEGRO FLEX EN L,2990
T-IPAD6-B,TOUCH IPAD 6 BLANCO (A1893 / A1954),2990
T-IPAD6-N,TOUCH IPAD 6 NEGRO (A1893 / A1954),2990
T-IPAD7-N,TOUCH IPAD 7 (A2197 / A2198 / A2200 ) IPAD 8 ( A2270 / A2428 / A2429),2990
T-IPAD7-B,TOUCH IPAD 7 (A2197 / A2198 / A2200 ) IPAD 8 (A2270 / A2428 / A2429),2990
T-IPAD9-B,TOUCH IPAD 9 2021 G9 BLANCO (A2602),2990
T-IPAD9-N,TOUCH IPAD 9 2021 G9 NEGRO (A2602),2990
T-IPADMB1-2,TOUCH IPAD MINI 1-2 BLANCO - A1489 / A1490 / A1432,2900
T-IPAM1-2,TOUCH IPAD MINI 1-2 NEGRO - A1489 / A1490 / A1432,2990
T-IPADM3-B,TOUCH IPAD MINI 3 BLANCO - A1599 / A1600,2490
T-IPADM3-N,TOUCH IPAD MINI 3 NEGRO - A1599 / A1600,2490
